case_id,source_id,sheet,recipe_label,level_no,power_W,energy_uJ,fluence_J_cm2,measured_ablated_v_1e6um3,measured_depth_um,replicate_count,average_1e6um3,efficiency_1e6um3_per_J,efficiency_m3_per_J,data_kind,output_semantics,column_class,source_doi,source_url,source_locator,extraction_method,extraction_date,license,unit_note,grade_confirmation_required,quality_note
D04-N1-1%-2,D04,N1-1%,CFRP + 1 wt% CuHAp,2,1.4000000000000001,7.0,30.06468818737102,5.309,23.86,4,4.4985,3.8558571428571424,3.855857142857142e-12,published_experimental_result,volume_per_energy,measured_columns+derived_conditions,10.17632/sdz48p9j5m.1,https://data.mendeley.com/datasets/sdz48p9j5m/1,worksheet 'N1-1%',xlsx_parse_via_openpyxl,2026-09-13,CC BY 4.0,1 (10^6 µm³/J) = 1e-12 m³/J；效率是体积效率，不可反推局部深度,False,FLAG: cutting used a SEPARATE 24 µm optical system; must NOT be merged with the efficiency dataset.
D04-N1-1%-3,D04,N1-1%,CFRP + 1 wt% CuHAp,3,1.3,6.5,27.917210459701657,4.973,22.23,4,5.3142499999999995,4.905461538461537,4.905461538461537e-12,published_experimental_result,volume_per_energy,measured_columns+derived_conditions,10.17632/sdz48p9j5m.1,https://data.mendeley.com/datasets/sdz48p9j5m/1,worksheet 'N1-1%',xlsx_parse_via_openpyxl,2026-09-13,CC BY 4.0,1 (10^6 µm³/J) = 1e-12 m³/J；效率是体积效率，不可反推局部深度,False,FLAG: cutting used a SEPARATE 24 µm optical system; must NOT be merged with the efficiency dataset.
D04-N1-1%-4,D04,N1-1%,CFRP + 1 wt% CuHAp,4,1.2000000000000002,6.000000000000001,25.769732732032306,4.353,18.25,4,5.3629999999999995,5.362999999999999,5.362999999999999e-12,published_experimental_result,volume_per_energy,measured_columns+derived_conditions,10.17632/sdz48p9j5m.1,https://data.mendeley.com/datasets/sdz48p9j5m/1,worksheet 'N1-1%',xlsx_parse_via_openpyxl,2026-09-13,CC BY 4.0,1 (10^6 µm³/J) = 1e-12 m³/J；效率是体积效率，不可反推局部深度,False,FLAG: cutting used a SEPARATE 24 µm optical system; must NOT be merged with the efficiency dataset.
D04-N1-1%-5,D04,N1-1%,CFRP + 1 wt% CuHAp,5,1.1,5.5,23.62225500436294,4.728,24.77,4,5.5875,6.095454545454546,6.095454545454546e-12,published_experimental_result,volume_per_energy,measured_columns+derived_conditions,10.17632/sdz48p9j5m.1,https://data.mendeley.com/datasets/sdz48p9j5m/1,worksheet 'N1-1%',xlsx_parse_via_openpyxl,2026-09-13,CC BY 4.0,1 (10^6 µm³/J) = 1e-12 m³/J；效率是体积效率，不可反推局部深度,False,FLAG: cutting used a SEPARATE 24 µm optical system; must NOT be merged with the efficiency dataset.
D04-N1-1%-6,D04,N1-1%,CFRP + 1 wt% CuHAp,6,1.0,5.0,21.474777276693583,5.859,24.85,4,4.461,5.353199999999999,5.3531999999999994e-12,published_experimental_result,volume_per_energy,measured_columns+derived_conditions,10.17632/sdz48p9j5m.1,https://data.mendeley.com/datasets/sdz48p9j5m/1,worksheet 'N1-1%',xlsx_parse_via_openpyxl,2026-09-13,CC BY 4.0,1 (10^6 µm³/J) = 1e-12 m³/J；效率是体积效率，不可反推局部深度,False,FLAG: cutting used a SEPARATE 24 µm optical system; must NOT be merged with the efficiency dataset.
D04-N1-1%-7,D04,N1-1%,CFRP + 1 wt% CuHAp,7,0.9500000000000001,4.75,20.401038412858902,5.52,23.62,4,3.34925,4.230631578947368,4.230631578947368e-12,published_experimental_result,volume_per_energy,measured_columns+derived_conditions,10.17632/sdz48p9j5m.1,https://data.mendeley.com/datasets/sdz48p9j5m/1,worksheet 'N1-1%',xlsx_parse_via_openpyxl,2026-09-13,CC BY 4.0,1 (10^6 µm³/J) = 1e-12 m³/J；效率是体积效率，不可反推局部深度,False,FLAG: cutting used a SEPARATE 24 µm optical system; must NOT be merged with the efficiency dataset.
D04-N1-1%-8,D04,N1-1%,CFRP + 1 wt% CuHAp,8,0.9,4.5,19.327299549024225,5.15,22.91,4,3.53525,4.713666666666666,4.713666666666666e-12,published_experimental_result,volume_per_energy,measured_columns+derived_conditions,10.17632/sdz48p9j5m.1,https://data.mendeley.com/datasets/sdz48p9j5m/1,worksheet 'N1-1%',xlsx_parse_via_openpyxl,2026-09-13,CC BY 4.0,1 (10^6 µm³/J) = 1e-12 m³/J；效率是体积效率，不可反推局部深度,False,FLAG: cutting used a SEPARATE 24 µm optical system; must NOT be merged with the efficiency dataset.
D04-N1-1%-9,D04,N1-1%,CFRP + 1 wt% CuHAp,9,0.8500000000000001,4.25,18.253560685189548,4.938,22.4,4,4.00725,5.657294117647059,5.657294117647058e-12,published_experimental_result,volume_per_energy,measured_columns+derived_conditions,10.17632/sdz48p9j5m.1,https://data.mendeley.com/datasets/sdz48p9j5m/1,worksheet 'N1-1%',xlsx_parse_via_openpyxl,2026-09-13,CC BY 4.0,1 (10^6 µm³/J) = 1e-12 m³/J；效率是体积效率，不可反推局部深度,False,FLAG: cutting used a SEPARATE 24 µm optical system; must NOT be merged with the efficiency dataset.
D04-N1-1%-10,D04,N1-1%,CFRP + 1 wt% CuHAp,10,0.8,4.0,17.179821821354867,4.302,18.78,4,3.165,4.7475,4.747499999999999e-12,published_experimental_result,volume_per_energy,measured_columns+derived_conditions,10.17632/sdz48p9j5m.1,https://data.mendeley.com/datasets/sdz48p9j5m/1,worksheet 'N1-1%',xlsx_parse_via_openpyxl,2026-09-13,CC BY 4.0,1 (10^6 µm³/J) = 1e-12 m³/J；效率是体积效率，不可反推局部深度,False,FLAG: cutting used a SEPARATE 24 µm optical system; must NOT be merged with the efficiency dataset.
D04-N1-1%-11,D04,N1-1%,CFRP + 1 wt% CuHAp,11,0.75,3.75,16.106082957520186,6.227,21.69,4,3.1757500000000003,5.0812,5.0812e-12,published_experimental_result,volume_per_energy,measured_columns+derived_conditions,10.17632/sdz48p9j5m.1,https://data.mendeley.com/datasets/sdz48p9j5m/1,worksheet 'N1-1%',xlsx_parse_via_openpyxl,2026-09-13,CC BY 4.0,1 (10^6 µm³/J) = 1e-12 m³/J；效率是体积效率，不可反推局部深度,False,FLAG: cutting used a SEPARATE 24 µm optical system; must NOT be merged with the efficiency dataset.
D04-N1-1%-12,D04,N1-1%,CFRP + 1 wt% CuHAp,12,0.7000000000000001,3.5,15.03234409368551,5.985,24.98,4,2.5090000000000003,4.301142857142858,4.301142857142858e-12,published_experimental_result,volume_per_energy,measured_columns+derived_conditions,10.17632/sdz48p9j5m.1,https://data.mendeley.com/datasets/sdz48p9j5m/1,worksheet 'N1-1%',xlsx_parse_via_openpyxl,2026-09-13,CC BY 4.0,1 (10^6 µm³/J) = 1e-12 m³/J；效率是体积效率，不可反推局部深度,False,FLAG: cutting used a SEPARATE 24 µm optical system; must NOT be merged with the efficiency dataset.
D04-N1-1%-13,D04,N1-1%,CFRP + 1 wt% CuHAp,13,0.65,3.25,13.958605229850829,8.141,22.59,4,2.25225,4.1579999999999995,4.157999999999999e-12,published_experimental_result,volume_per_energy,measured_columns+derived_conditions,10.17632/sdz48p9j5m.1,https://data.mendeley.com/datasets/sdz48p9j5m/1,worksheet 'N1-1%',xlsx_parse_via_openpyxl,2026-09-13,CC BY 4.0,1 (10^6 µm³/J) = 1e-12 m³/J；效率是体积效率，不可反推局部深度,False,FLAG: cutting used a SEPARATE 24 µm optical system; must NOT be merged with the efficiency dataset.
D04-N1-1%-14,D04,N1-1%,CFRP + 1 wt% CuHAp,14,0.6000000000000001,3.0000000000000004,12.884866366016153,4.948,21.52,4,3.046,6.091999999999998,6.091999999999998e-12,published_experimental_result,volume_per_energy,measured_columns+derived_conditions,10.17632/sdz48p9j5m.1,https://data.mendeley.com/datasets/sdz48p9j5m/1,worksheet 'N1-1%',xlsx_parse_via_openpyxl,2026-09-13,CC BY 4.0,1 (10^6 µm³/J) = 1e-12 m³/J；效率是体积效率，不可反推局部深度,False,FLAG: cutting used a SEPARATE 24 µm optical system; must NOT be merged with the efficiency dataset.
D04-N1-1%-15,D04,N1-1%,CFRP + 1 wt% CuHAp,15,0.55,2.75,11.81112750218147,4.166,17.48,4,2.2885,4.993090909090909,4.993090909090909e-12,published_experimental_result,volume_per_energy,measured_columns+derived_conditions,10.17632/sdz48p9j5m.1,https://data.mendeley.com/datasets/sdz48p9j5m/1,worksheet 'N1-1%',xlsx_parse_via_openpyxl,2026-09-13,CC BY 4.0,1 (10^6 µm³/J) = 1e-12 m³/J；效率是体积效率，不可反推局部深度,False,FLAG: cutting used a SEPARATE 24 µm optical system; must NOT be merged with the efficiency dataset.
D04-N1-1%-16,D04,N1-1%,CFRP + 1 wt% CuHAp,16,0.5,2.5,10.737388638346792,5.095,19.18,4,2.2515,5.403599999999999,5.403599999999999e-12,published_experimental_result,volume_per_energy,measured_columns+derived_conditions,10.17632/sdz48p9j5m.1,https://data.mendeley.com/datasets/sdz48p9j5m/1,worksheet 'N1-1%',xlsx_parse_via_openpyxl,2026-09-13,CC BY 4.0,1 (10^6 µm³/J) = 1e-12 m³/J；效率是体积效率，不可反推局部深度,False,FLAG: cutting used a SEPARATE 24 µm optical system; must NOT be merged with the efficiency dataset.
D04-N1-1%-17,D04,N1-1%,CFRP + 1 wt% CuHAp,17,0.45,2.25,9.663649774512113,4.538,17.68,4,2.22975,5.946,5.946e-12,published_experimental_result,volume_per_energy,measured_columns+derived_conditions,10.17632/sdz48p9j5m.1,https://data.mendeley.com/datasets/sdz48p9j5m/1,worksheet 'N1-1%',xlsx_parse_via_openpyxl,2026-09-13,CC BY 4.0,1 (10^6 µm³/J) = 1e-12 m³/J；效率是体积效率，不可反推局部深度,False,FLAG: cutting used a SEPARATE 24 µm optical system; must NOT be merged with the efficiency dataset.
D04-N1-1%-18,D04,N1-1%,CFRP + 1 wt% CuHAp,18,0.4,2.0,8.589910910677434,4.501,18.94,4,1.6445,4.9334999999999996,4.9334999999999995e-12,published_experimental_result,volume_per_energy,measured_columns+derived_conditions,10.17632/sdz48p9j5m.1,https://data.mendeley.com/datasets/sdz48p9j5m/1,worksheet 'N1-1%',xlsx_parse_via_openpyxl,2026-09-13,CC BY 4.0,1 (10^6 µm³/J) = 1e-12 m³/J；效率是体积效率，不可反推局部深度,False,FLAG: cutting used a SEPARATE 24 µm optical system; must NOT be merged with the efficiency dataset.
D04-N1-1%-19,D04,N1-1%,CFRP + 1 wt% CuHAp,19,0.35000000000000003,1.75,7.516172046842755,4.4,18.82,4,1.9924999999999997,6.83142857142857,6.83142857142857e-12,published_experimental_result,volume_per_energy,measured_columns+derived_conditions,10.17632/sdz48p9j5m.1,https://data.mendeley.com/datasets/sdz48p9j5m/1,worksheet 'N1-1%',xlsx_parse_via_openpyxl,2026-09-13,CC BY 4.0,1 (10^6 µm³/J) = 1e-12 m³/J；效率是体积效率，不可反推局部深度,False,FLAG: cutting used a SEPARATE 24 µm optical system; must NOT be merged with the efficiency dataset.
D04-N1-1%-20,D04,N1-1%,CFRP + 1 wt% CuHAp,20,0.30000000000000004,1.5000000000000002,6.4424331830080765,4.405,18.74,4,1.7369999999999999,6.947999999999998,6.9479999999999975e-12,published_experimental_result,volume_per_energy,measured_columns+derived_conditions,10.17632/sdz48p9j5m.1,https://data.mendeley.com/datasets/sdz48p9j5m/1,worksheet 'N1-1%',xlsx_parse_via_openpyxl,2026-09-13,CC BY 4.0,1 (10^6 µm³/J) = 1e-12 m³/J；效率是体积效率，不可反推局部深度,False,FLAG: cutting used a SEPARATE 24 µm optical system; must NOT be merged with the efficiency dataset.
D04-N1-1%-21,D04,N1-1%,CFRP + 1 wt% CuHAp,21,0.25,1.25,5.368694319173396,2.685,11.72,4,1.13125,5.43,5.429999999999999e-12,published_experimental_result,volume_per_energy,measured_columns+derived_conditions,10.17632/sdz48p9j5m.1,https://data.mendeley.com/datasets/sdz48p9j5m/1,worksheet 'N1-1%',xlsx_parse_via_openpyxl,2026-09-13,CC BY 4.0,1 (10^6 µm³/J) = 1e-12 m³/J；效率是体积效率，不可反推局部深度,False,FLAG: cutting used a SEPARATE 24 µm optical system; must NOT be merged with the efficiency dataset.
D04-N1-1%-22,D04,N1-1%,CFRP + 1 wt% CuHAp,22,0.2,1.0,4.294955455338717,4.235,17.94,4,0.9315,5.5889999999999995,5.589e-12,published_experimental_result,volume_per_energy,measured_columns+derived_conditions,10.17632/sdz48p9j5m.1,https://data.mendeley.com/datasets/sdz48p9j5m/1,worksheet 'N1-1%',xlsx_parse_via_openpyxl,2026-09-13,CC BY 4.0,1 (10^6 µm³/J) = 1e-12 m³/J；效率是体积效率，不可反推局部深度,False,FLAG: cutting used a SEPARATE 24 µm optical system; must NOT be merged with the efficiency dataset.
D04-N1-1%-23,D04,N1-1%,CFRP + 1 wt% CuHAp,23,0.15000000000000002,0.7500000000000001,3.2212165915040383,4.499,18.5,4,0.26125,2.0899999999999994,2.0899999999999994e-12,published_experimental_result,volume_per_energy,measured_columns+derived_conditions,10.17632/sdz48p9j5m.1,https://data.mendeley.com/datasets/sdz48p9j5m/1,worksheet 'N1-1%',xlsx_parse_via_openpyxl,2026-09-13,CC BY 4.0,1 (10^6 µm³/J) = 1e-12 m³/J；效率是体积效率，不可反推局部深度,False,FLAG: cutting used a SEPARATE 24 µm optical system; must NOT be merged with the efficiency dataset.
D04-N1-1%-24,D04,N1-1%,CFRP + 1 wt% CuHAp,24,0.1,0.5,2.1474777276693584,1.978,8.87,4,0.024,0.288,2.88e-13,published_experimental_result,volume_per_energy,measured_columns+derived_conditions,10.17632/sdz48p9j5m.1,https://data.mendeley.com/datasets/sdz48p9j5m/1,worksheet 'N1-1%',xlsx_parse_via_openpyxl,2026-09-13,CC BY 4.0,1 (10^6 µm³/J) = 1e-12 m³/J；效率是体积效率，不可反推局部深度,False,FLAG: cutting used a SEPARATE 24 µm optical system; must NOT be merged with the efficiency dataset.
D04-N1-1%_NoCF-2,D04,N1-1%_NoCF,resin-only (no carbon fibre) + 1 wt% CuHAp,2,1.4000000000000001,7.0,30.06468818737102,10.237,45.46,4,10.2945,8.823857142857142,8.82385714285714e-12,published_experimental_result,volume_per_energy,measured_columns+derived_conditions,10.17632/sdz48p9j5m.1,https://data.mendeley.com/datasets/sdz48p9j5m/1,worksheet 'N1-1%_NoCF',xlsx_parse_via_openpyxl,2026-09-13,CC BY 4.0,1 (10^6 µm³/J) = 1e-12 m³/J；效率是体积效率，不可反推局部深度,False,FLAG: cutting used a SEPARATE 24 µm optical system; must NOT be merged with the efficiency dataset.
D04-N1-1%_NoCF-3,D04,N1-1%_NoCF,resin-only (no carbon fibre) + 1 wt% CuHAp,3,1.3,6.5,27.917210459701657,10.387,46.31,4,9.879999999999999,9.119999999999997,9.119999999999997e-12,published_experimental_result,volume_per_energy,measured_columns+derived_conditions,10.17632/sdz48p9j5m.1,https://data.mendeley.com/datasets/sdz48p9j5m/1,worksheet 'N1-1%_NoCF',xlsx_parse_via_openpyxl,2026-09-13,CC BY 4.0,1 (10^6 µm³/J) = 1e-12 m³/J；效率是体积效率，不可反推局部深度,False,FLAG: cutting used a SEPARATE 24 µm optical system; must NOT be merged with the efficiency dataset.
D04-N1-1%_NoCF-4,D04,N1-1%_NoCF,resin-only (no carbon fibre) + 1 wt% CuHAp,4,1.2000000000000002,6.000000000000001,25.769732732032306,10.077,44.09,4,9.023,9.022999999999998,9.022999999999998e-12,published_experimental_result,volume_per_energy,measured_columns+derived_conditions,10.17632/sdz48p9j5m.1,https://data.mendeley.com/datasets/sdz48p9j5m/1,worksheet 'N1-1%_NoCF',xlsx_parse_via_openpyxl,2026-09-13,CC BY 4.0,1 (10^6 µm³/J) = 1e-12 m³/J；效率是体积效率，不可反推局部深度,False,FLAG: cutting used a SEPARATE 24 µm optical system; must NOT be merged with the efficiency dataset.
D04-N1-1%_NoCF-5,D04,N1-1%_NoCF,resin-only (no carbon fibre) + 1 wt% CuHAp,5,1.1,5.5,23.62225500436294,9.65,40.99,4,8.2355,8.984181818181817,8.984181818181817e-12,published_experimental_result,volume_per_energy,measured_columns+derived_conditions,10.17632/sdz48p9j5m.1,https://data.mendeley.com/datasets/sdz48p9j5m/1,worksheet 'N1-1%_NoCF',xlsx_parse_via_openpyxl,2026-09-13,CC BY 4.0,1 (10^6 µm³/J) = 1e-12 m³/J；效率是体积效率，不可反推局部深度,False,FLAG: cutting used a SEPARATE 24 µm optical system; must NOT be merged with the efficiency dataset.
D04-N1-1%_NoCF-6,D04,N1-1%_NoCF,resin-only (no carbon fibre) + 1 wt% CuHAp,6,1.0,5.0,21.474777276693583,9.64,42.01,4,7.5235,9.028199999999998,9.028199999999998e-12,published_experimental_result,volume_per_energy,measured_columns+derived_conditions,10.17632/sdz48p9j5m.1,https://data.mendeley.com/datasets/sdz48p9j5m/1,worksheet 'N1-1%_NoCF',xlsx_parse_via_openpyxl,2026-09-13,CC BY 4.0,1 (10^6 µm³/J) = 1e-12 m³/J；效率是体积效率，不可反推局部深度,False,FLAG: cutting used a SEPARATE 24 µm optical system; must NOT be merged with the efficiency dataset.
D04-N1-1%_NoCF-7,D04,N1-1%_NoCF,resin-only (no carbon fibre) + 1 wt% CuHAp,7,0.9500000000000001,4.75,20.401038412858902,9.53,41.2,4,7.1979999999999995,9.092210526315789,9.092210526315789e-12,published_experimental_result,volume_per_energy,measured_columns+derived_conditions,10.17632/sdz48p9j5m.1,https://data.mendeley.com/datasets/sdz48p9j5m/1,worksheet 'N1-1%_NoCF',xlsx_parse_via_openpyxl,2026-09-13,CC BY 4.0,1 (10^6 µm³/J) = 1e-12 m³/J；效率是体积效率，不可反推局部深度,False,FLAG: cutting used a SEPARATE 24 µm optical system; must NOT be merged with the efficiency dataset.
D04-N1-1%_NoCF-8,D04,N1-1%_NoCF,resin-only (no carbon fibre) + 1 wt% CuHAp,8,0.9,4.5,19.327299549024225,10.7,42.06,4,6.8255,9.100666666666665,9.100666666666665e-12,published_experimental_result,volume_per_energy,measured_columns+derived_conditions,10.17632/sdz48p9j5m.1,https://data.mendeley.com/datasets/sdz48p9j5m/1,worksheet 'N1-1%_NoCF',xlsx_parse_via_openpyxl,2026-09-13,CC BY 4.0,1 (10^6 µm³/J) = 1e-12 m³/J；效率是体积效率，不可反推局部深度,False,FLAG: cutting used a SEPARATE 24 µm optical system; must NOT be merged with the efficiency dataset.
D04-N1-1%_NoCF-9,D04,N1-1%_NoCF,resin-only (no carbon fibre) + 1 wt% CuHAp,9,0.8500000000000001,4.25,18.253560685189548,9.488,39.53,4,6.506499999999999,9.185647058823527,9.185647058823526e-12,published_experimental_result,volume_per_energy,measured_columns+derived_conditions,10.17632/sdz48p9j5m.1,https://data.mendeley.com/datasets/sdz48p9j5m/1,worksheet 'N1-1%_NoCF',xlsx_parse_via_openpyxl,2026-09-13,CC BY 4.0,1 (10^6 µm³/J) = 1e-12 m³/J；效率是体积效率，不可反推局部深度,False,FLAG: cutting used a SEPARATE 24 µm optical system; must NOT be merged with the efficiency dataset.
D04-N1-1%_NoCF-10,D04,N1-1%_NoCF,resin-only (no carbon fibre) + 1 wt% CuHAp,10,0.8,4.0,17.179821821354867,8.878,38.79,4,6.2165,9.324749999999998,9.324749999999999e-12,published_experimental_result,volume_per_energy,measured_columns+derived_conditions,10.17632/sdz48p9j5m.1,https://data.mendeley.com/datasets/sdz48p9j5m/1,worksheet 'N1-1%_NoCF',xlsx_parse_via_openpyxl,2026-09-13,CC BY 4.0,1 (10^6 µm³/J) = 1e-12 m³/J；效率是体积效率，不可反推局部深度,False,FLAG: cutting used a SEPARATE 24 µm optical system; must NOT be merged with the efficiency dataset.
D04-N1-1%_NoCF-11,D04,N1-1%_NoCF,resin-only (no carbon fibre) + 1 wt% CuHAp,11,0.75,3.75,16.106082957520186,9.098,38.65,4,5.66875,9.069999999999999,9.069999999999999e-12,published_experimental_result,volume_per_energy,measured_columns+derived_conditions,10.17632/sdz48p9j5m.1,https://data.mendeley.com/datasets/sdz48p9j5m/1,worksheet 'N1-1%_NoCF',xlsx_parse_via_openpyxl,2026-09-13,CC BY 4.0,1 (10^6 µm³/J) = 1e-12 m³/J；效率是体积效率，不可反推局部深度,False,FLAG: cutting used a SEPARATE 24 µm optical system; must NOT be merged with the efficiency dataset.
D04-N1-1%_NoCF-12,D04,N1-1%_NoCF,resin-only (no carbon fibre) + 1 wt% CuHAp,12,0.7000000000000001,3.5,15.03234409368551,8.628,37.71,4,5.278499999999999,9.048857142857141,9.048857142857142e-12,published_experimental_result,volume_per_energy,measured_columns+derived_conditions,10.17632/sdz48p9j5m.1,https://data.mendeley.com/datasets/sdz48p9j5m/1,worksheet 'N1-1%_NoCF',xlsx_parse_via_openpyxl,2026-09-13,CC BY 4.0,1 (10^6 µm³/J) = 1e-12 m³/J；效率是体积效率，不可反推局部深度,False,FLAG: cutting used a SEPARATE 24 µm optical system; must NOT be merged with the efficiency dataset.
D04-N1-1%_NoCF-13,D04,N1-1%_NoCF,resin-only (no carbon fibre) + 1 wt% CuHAp,13,0.65,3.25,13.958605229850829,8.118,35.48,4,4.8595,8.971384615384613,8.971384615384613e-12,published_experimental_result,volume_per_energy,measured_columns+derived_conditions,10.17632/sdz48p9j5m.1,https://data.mendeley.com/datasets/sdz48p9j5m/1,worksheet 'N1-1%_NoCF',xlsx_parse_via_openpyxl,2026-09-13,CC BY 4.0,1 (10^6 µm³/J) = 1e-12 m³/J；效率是体积效率，不可反推局部深度,False,FLAG: cutting used a SEPARATE 24 µm optical system; must NOT be merged with the efficiency dataset.
D04-N1-1%_NoCF-14,D04,N1-1%_NoCF,resin-only (no carbon fibre) + 1 wt% CuHAp,14,0.6000000000000001,3.0000000000000004,12.884866366016153,8.368,37.42,4,4.5287500000000005,9.0575,9.057499999999999e-12,published_experimental_result,volume_per_energy,measured_columns+derived_conditions,10.17632/sdz48p9j5m.1,https://data.mendeley.com/datasets/sdz48p9j5m/1,worksheet 'N1-1%_NoCF',xlsx_parse_via_openpyxl,2026-09-13,CC BY 4.0,1 (10^6 µm³/J) = 1e-12 m³/J；效率是体积效率，不可反推局部深度,False,FLAG: cutting used a SEPARATE 24 µm optical system; must NOT be merged with the efficiency dataset.
D04-N1-1%_NoCF-15,D04,N1-1%_NoCF,resin-only (no carbon fibre) + 1 wt% CuHAp,15,0.55,2.75,11.81112750218147,8.168,35.07,4,4.055,8.847272727272726,8.847272727272726e-12,published_experimental_result,volume_per_energy,measured_columns+derived_conditions,10.17632/sdz48p9j5m.1,https://data.mendeley.com/datasets/sdz48p9j5m/1,worksheet 'N1-1%_NoCF',xlsx_parse_via_openpyxl,2026-09-13,CC BY 4.0,1 (10^6 µm³/J) = 1e-12 m³/J；效率是体积效率，不可反推局部深度,False,FLAG: cutting used a SEPARATE 24 µm optical system; must NOT be merged with the efficiency dataset.
D04-N1-1%_NoCF-16,D04,N1-1%_NoCF,resin-only (no carbon fibre) + 1 wt% CuHAp,16,0.5,2.5,10.737388638346792,8.288,35.06,4,3.6887499999999998,8.852999999999998,8.852999999999997e-12,published_experimental_result,volume_per_energy,measured_columns+derived_conditions,10.17632/sdz48p9j5m.1,https://data.mendeley.com/datasets/sdz48p9j5m/1,worksheet 'N1-1%_NoCF',xlsx_parse_via_openpyxl,2026-09-13,CC BY 4.0,1 (10^6 µm³/J) = 1e-12 m³/J；效率是体积效率，不可反推局部深度,False,FLAG: cutting used a SEPARATE 24 µm optical system; must NOT be merged with the efficiency dataset.
D04-N1-1%_NoCF-17,D04,N1-1%_NoCF,resin-only (no carbon fibre) + 1 wt% CuHAp,17,0.45,2.25,9.663649774512113,7.336,31.32,4,3.1500000000000004,8.4,8.4e-12,published_experimental_result,volume_per_energy,measured_columns+derived_conditions,10.17632/sdz48p9j5m.1,https://data.mendeley.com/datasets/sdz48p9j5m/1,worksheet 'N1-1%_NoCF',xlsx_parse_via_openpyxl,2026-09-13,CC BY 4.0,1 (10^6 µm³/J) = 1e-12 m³/J；效率是体积效率，不可反推局部深度,False,FLAG: cutting used a SEPARATE 24 µm optical system; must NOT be merged with the efficiency dataset.
D04-N1-1%_NoCF-18,D04,N1-1%_NoCF,resin-only (no carbon fibre) + 1 wt% CuHAp,18,0.4,2.0,8.589910910677434,7.536,32.15,4,2.6887499999999998,8.066249999999998,8.066249999999998e-12,published_experimental_result,volume_per_energy,measured_columns+derived_conditions,10.17632/sdz48p9j5m.1,https://data.mendeley.com/datasets/sdz48p9j5m/1,worksheet 'N1-1%_NoCF',xlsx_parse_via_openpyxl,2026-09-13,CC BY 4.0,1 (10^6 µm³/J) = 1e-12 m³/J；效率是体积效率，不可反推局部深度,False,FLAG: cutting used a SEPARATE 24 µm optical system; must NOT be merged with the efficiency dataset.
D04-N1-1%_NoCF-19,D04,N1-1%_NoCF,resin-only (no carbon fibre) + 1 wt% CuHAp,19,0.35000000000000003,1.75,7.516172046842755,7.736,32.89,4,2.21575,7.596857142857142,7.596857142857142e-12,published_experimental_result,volume_per_energy,measured_columns+derived_conditions,10.17632/sdz48p9j5m.1,https://data.mendeley.com/datasets/sdz48p9j5m/1,worksheet 'N1-1%_NoCF',xlsx_parse_via_openpyxl,2026-09-13,CC BY 4.0,1 (10^6 µm³/J) = 1e-12 m³/J；效率是体积效率，不可反推局部深度,False,FLAG: cutting used a SEPARATE 24 µm optical system; must NOT be merged with the efficiency dataset.
D04-N1-1%_NoCF-20,D04,N1-1%_NoCF,resin-only (no carbon fibre) + 1 wt% CuHAp,20,0.30000000000000004,1.5000000000000002,6.4424331830080765,7.486,31.8,4,1.6235,6.493999999999998,6.493999999999998e-12,published_experimental_result,volume_per_energy,measured_columns+derived_conditions,10.17632/sdz48p9j5m.1,https://data.mendeley.com/datasets/sdz48p9j5m/1,worksheet 'N1-1%_NoCF',xlsx_parse_via_openpyxl,2026-09-13,CC BY 4.0,1 (10^6 µm³/J) = 1e-12 m³/J；效率是体积效率，不可反推局部深度,False,FLAG: cutting used a SEPARATE 24 µm optical system; must NOT be merged with the efficiency dataset.
D04-N1-1%_NoCF-21,D04,N1-1%_NoCF,resin-only (no carbon fibre) + 1 wt% CuHAp,21,0.25,1.25,5.368694319173396,7.143,31.13,4,1.08625,5.213999999999999,5.2139999999999986e-12,published_experimental_result,volume_per_energy,measured_columns+derived_conditions,10.17632/sdz48p9j5m.1,https://data.mendeley.com/datasets/sdz48p9j5m/1,worksheet 'N1-1%_NoCF',xlsx_parse_via_openpyxl,2026-09-13,CC BY 4.0,1 (10^6 µm³/J) = 1e-12 m³/J；效率是体积效率，不可反推局部深度,False,FLAG: cutting used a SEPARATE 24 µm optical system; must NOT be merged with the efficiency dataset.
D04-N1-1%_NoCF-22,D04,N1-1%_NoCF,resin-only (no carbon fibre) + 1 wt% CuHAp,22,0.2,1.0,4.294955455338717,7.383,30.85,4,0.48725000000000007,2.9235,2.9235000000000002e-12,published_experimental_result,volume_per_energy,measured_columns+derived_conditions,10.17632/sdz48p9j5m.1,https://data.mendeley.com/datasets/sdz48p9j5m/1,worksheet 'N1-1%_NoCF',xlsx_parse_via_openpyxl,2026-09-13,CC BY 4.0,1 (10^6 µm³/J) = 1e-12 m³/J；效率是体积效率，不可反推局部深度,False,FLAG: cutting used a SEPARATE 24 µm optical system; must NOT be merged with the efficiency dataset.
D04-N1-1%_NoCF-23,D04,N1-1%_NoCF,resin-only (no carbon fibre) + 1 wt% CuHAp,23,0.15000000000000002,0.7500000000000001,3.2212165915040383,7.173,30.53,4,0.0,0.0,0.0,published_experimental_result,volume_per_energy,measured_columns+derived_conditions,10.17632/sdz48p9j5m.1,https://data.mendeley.com/datasets/sdz48p9j5m/1,worksheet 'N1-1%_NoCF',xlsx_parse_via_openpyxl,2026-09-13,CC BY 4.0,1 (10^6 µm³/J) = 1e-12 m³/J；效率是体积效率，不可反推局部深度,False,FLAG: cutting used a SEPARATE 24 µm optical system; must NOT be merged with the efficiency dataset.
D04-N1-1%_NoCF-24,D04,N1-1%_NoCF,resin-only (no carbon fibre) + 1 wt% CuHAp,24,0.1,0.5,2.1474777276693584,7.093,29.2,4,0.0,0.0,0.0,published_experimental_result,volume_per_energy,measured_columns+derived_conditions,10.17632/sdz48p9j5m.1,https://data.mendeley.com/datasets/sdz48p9j5m/1,worksheet 'N1-1%_NoCF',xlsx_parse_via_openpyxl,2026-09-13,CC BY 4.0,1 (10^6 µm³/J) = 1e-12 m³/J；效率是体积效率，不可反推局部深度,False,FLAG: cutting used a SEPARATE 24 µm optical system; must NOT be merged with the efficiency dataset.
D04-N1-5%-1,D04,N1-5%,CFRP + 5 wt% CuHAp,1,1.4000000000000001,7.0,30.06468818737102,3.701,16.76,4,4.099749999999999,3.5140714285714276,3.5140714285714276e-12,published_experimental_result,volume_per_energy,measured_columns+derived_conditions,10.17632/sdz48p9j5m.1,https://data.mendeley.com/datasets/sdz48p9j5m/1,worksheet 'N1-5%',xlsx_parse_via_openpyxl,2026-09-13,CC BY 4.0,1 (10^6 µm³/J) = 1e-12 m³/J；效率是体积效率，不可反推局部深度,False,FLAG: cutting used a SEPARATE 24 µm optical system; must NOT be merged with the efficiency dataset.
D04-N1-5%-2,D04,N1-5%,CFRP + 5 wt% CuHAp,2,1.3,6.5,27.917210459701657,4.515,20.09,4,5.594250000000001,5.163923076923076,5.1639230769230764e-12,published_experimental_result,volume_per_energy,measured_columns+derived_conditions,10.17632/sdz48p9j5m.1,https://data.mendeley.com/datasets/sdz48p9j5m/1,worksheet 'N1-5%',xlsx_parse_via_openpyxl,2026-09-13,CC BY 4.0,1 (10^6 µm³/J) = 1e-12 m³/J；效率是体积效率，不可反推局部深度,False,FLAG: cutting used a SEPARATE 24 µm optical system; must NOT be merged with the efficiency dataset.
D04-N1-5%-3,D04,N1-5%,CFRP + 5 wt% CuHAp,3,1.2000000000000002,6.000000000000001,25.769732732032306,3.96,16.2,4,4.5375,4.537499999999999,4.537499999999998e-12,published_experimental_result,volume_per_energy,measured_columns+derived_conditions,10.17632/sdz48p9j5m.1,https://data.mendeley.com/datasets/sdz48p9j5m/1,worksheet 'N1-5%',xlsx_parse_via_openpyxl,2026-09-13,CC BY 4.0,1 (10^6 µm³/J) = 1e-12 m³/J；效率是体积效率，不可反推局部深度,False,FLAG: cutting used a SEPARATE 24 µm optical system; must NOT be merged with the efficiency dataset.
D04-N1-5%-4,D04,N1-5%,CFRP + 5 wt% CuHAp,4,1.1,5.5,23.62225500436294,4.223,17.95,4,4.40675,4.807363636363636,4.807363636363636e-12,published_experimental_result,volume_per_energy,measured_columns+derived_conditions,10.17632/sdz48p9j5m.1,https://data.mendeley.com/datasets/sdz48p9j5m/1,worksheet 'N1-5%',xlsx_parse_via_openpyxl,2026-09-13,CC BY 4.0,1 (10^6 µm³/J) = 1e-12 m³/J；效率是体积效率，不可反推局部深度,False,FLAG: cutting used a SEPARATE 24 µm optical system; must NOT be merged with the efficiency dataset.
D04-N1-5%-5,D04,N1-5%,CFRP + 5 wt% CuHAp,5,1.0,5.0,21.474777276693583,5.718,23.4,4,4.09,4.907999999999999,4.907999999999999e-12,published_experimental_result,volume_per_energy,measured_columns+derived_conditions,10.17632/sdz48p9j5m.1,https://data.mendeley.com/datasets/sdz48p9j5m/1,worksheet 'N1-5%',xlsx_parse_via_openpyxl,2026-09-13,CC BY 4.0,1 (10^6 µm³/J) = 1e-12 m³/J；效率是体积效率，不可反推局部深度,False,FLAG: cutting used a SEPARATE 24 µm optical system; must NOT be merged with the efficiency dataset.
D04-N1-5%-6,D04,N1-5%,CFRP + 5 wt% CuHAp,6,0.9500000000000001,4.75,20.401038412858902,6.91,27.57,4,3.5012499999999998,4.422631578947367,4.422631578947367e-12,published_experimental_result,volume_per_energy,measured_columns+derived_conditions,10.17632/sdz48p9j5m.1,https://data.mendeley.com/datasets/sdz48p9j5m/1,worksheet 'N1-5%',xlsx_parse_via_openpyxl,2026-09-13,CC BY 4.0,1 (10^6 µm³/J) = 1e-12 m³/J；效率是体积效率，不可反推局部深度,False,FLAG: cutting used a SEPARATE 24 µm optical system; must NOT be merged with the efficiency dataset.
D04-N1-5%-7,D04,N1-5%,CFRP + 5 wt% CuHAp,7,0.9,4.5,19.327299549024225,5.414,22.42,4,3.411,4.547999999999999,4.547999999999999e-12,published_experimental_result,volume_per_energy,measured_columns+derived_conditions,10.17632/sdz48p9j5m.1,https://data.mendeley.com/datasets/sdz48p9j5m/1,worksheet 'N1-5%',xlsx_parse_via_openpyxl,2026-09-13,CC BY 4.0,1 (10^6 µm³/J) = 1e-12 m³/J；效率是体积效率，不可反推局部深度,False,FLAG: cutting used a SEPARATE 24 µm optical system; must NOT be merged with the efficiency dataset.
D04-N1-5%-8,D04,N1-5%,CFRP + 5 wt% CuHAp,8,0.8500000000000001,4.25,18.253560685189548,4.335,19.81,4,3.291,4.646117647058823,4.646117647058823e-12,published_experimental_result,volume_per_energy,measured_columns+derived_conditions,10.17632/sdz48p9j5m.1,https://data.mendeley.com/datasets/sdz48p9j5m/1,worksheet 'N1-5%',xlsx_parse_via_openpyxl,2026-09-13,CC BY 4.0,1 (10^6 µm³/J) = 1e-12 m³/J；效率是体积效率，不可反推局部深度,False,FLAG: cutting used a SEPARATE 24 µm optical system; must NOT be merged with the efficiency dataset.
D04-N1-5%-9,D04,N1-5%,CFRP + 5 wt% CuHAp,9,0.8,4.0,17.179821821354867,5.111,21.31,4,2.97775,4.466625,4.4666249999999995e-12,published_experimental_result,volume_per_energy,measured_columns+derived_conditions,10.17632/sdz48p9j5m.1,https://data.mendeley.com/datasets/sdz48p9j5m/1,worksheet 'N1-5%',xlsx_parse_via_openpyxl,2026-09-13,CC BY 4.0,1 (10^6 µm³/J) = 1e-12 m³/J；效率是体积效率，不可反推局部深度,False,FLAG: cutting used a SEPARATE 24 µm optical system; must NOT be merged with the efficiency dataset.
D04-N1-5%-10,D04,N1-5%,CFRP + 5 wt% CuHAp,10,0.75,3.75,16.106082957520186,4.693,20.97,4,3.5585,5.693599999999999,5.693599999999999e-12,published_experimental_result,volume_per_energy,measured_columns+derived_conditions,10.17632/sdz48p9j5m.1,https://data.mendeley.com/datasets/sdz48p9j5m/1,worksheet 'N1-5%',xlsx_parse_via_openpyxl,2026-09-13,CC BY 4.0,1 (10^6 µm³/J) = 1e-12 m³/J；效率是体积效率，不可反推局部深度,False,FLAG: cutting used a SEPARATE 24 µm optical system; must NOT be merged with the efficiency dataset.
D04-N1-5%-11,D04,N1-5%,CFRP + 5 wt% CuHAp,11,0.7000000000000001,3.5,15.03234409368551,2.912,12.96,4,2.866,4.913142857142857,4.913142857142857e-12,published_experimental_result,volume_per_energy,measured_columns+derived_conditions,10.17632/sdz48p9j5m.1,https://data.mendeley.com/datasets/sdz48p9j5m/1,worksheet 'N1-5%',xlsx_parse_via_openpyxl,2026-09-13,CC BY 4.0,1 (10^6 µm³/J) = 1e-12 m³/J；效率是体积效率，不可反推局部深度,False,FLAG: cutting used a SEPARATE 24 µm optical system; must NOT be merged with the efficiency dataset.
D04-N1-5%-12,D04,N1-5%,CFRP + 5 wt% CuHAp,12,0.65,3.25,13.958605229850829,5.434,22.9,4,2.684,4.9550769230769225,4.955076923076923e-12,published_experimental_result,volume_per_energy,measured_columns+derived_conditions,10.17632/sdz48p9j5m.1,https://data.mendeley.com/datasets/sdz48p9j5m/1,worksheet 'N1-5%',xlsx_parse_via_openpyxl,2026-09-13,CC BY 4.0,1 (10^6 µm³/J) = 1e-12 m³/J；效率是体积效率，不可反推局部深度,False,FLAG: cutting used a SEPARATE 24 µm optical system; must NOT be merged with the efficiency dataset.
D04-N1-5%-13,D04,N1-5%,CFRP + 5 wt% CuHAp,13,0.6000000000000001,3.0000000000000004,12.884866366016153,5.167,19.7,4,2.8185000000000002,5.637,5.6369999999999995e-12,published_experimental_result,volume_per_energy,measured_columns+derived_conditions,10.17632/sdz48p9j5m.1,https://data.mendeley.com/datasets/sdz48p9j5m/1,worksheet 'N1-5%',xlsx_parse_via_openpyxl,2026-09-13,CC BY 4.0,1 (10^6 µm³/J) = 1e-12 m³/J；效率是体积效率，不可反推局部深度,False,FLAG: cutting used a SEPARATE 24 µm optical system; must NOT be merged with the efficiency dataset.
D04-N1-5%-14,D04,N1-5%,CFRP + 5 wt% CuHAp,14,0.55,2.75,11.81112750218147,3.792,14.21,4,2.44625,5.337272727272727,5.337272727272727e-12,published_experimental_result,volume_per_energy,measured_columns+derived_conditions,10.17632/sdz48p9j5m.1,https://data.mendeley.com/datasets/sdz48p9j5m/1,worksheet 'N1-5%',xlsx_parse_via_openpyxl,2026-09-13,CC BY 4.0,1 (10^6 µm³/J) = 1e-12 m³/J；效率是体积效率，不可反推局部深度,False,FLAG: cutting used a SEPARATE 24 µm optical system; must NOT be merged with the efficiency dataset.
D04-N1-5%-15,D04,N1-5%,CFRP + 5 wt% CuHAp,15,0.5,2.5,10.737388638346792,4.298,18.46,4,2.331,5.5943999999999985,5.594399999999998e-12,published_experimental_result,volume_per_energy,measured_columns+derived_conditions,10.17632/sdz48p9j5m.1,https://data.mendeley.com/datasets/sdz48p9j5m/1,worksheet 'N1-5%',xlsx_parse_via_openpyxl,2026-09-13,CC BY 4.0,1 (10^6 µm³/J) = 1e-12 m³/J；效率是体积效率，不可反推局部深度,False,FLAG: cutting used a SEPARATE 24 µm optical system; must NOT be merged with the efficiency dataset.
D04-N1-5%-16,D04,N1-5%,CFRP + 5 wt% CuHAp,16,0.45,2.25,9.663649774512113,4.37,19.41,4,2.149,5.730666666666666,5.730666666666666e-12,published_experimental_result,volume_per_energy,measured_columns+derived_conditions,10.17632/sdz48p9j5m.1,https://data.mendeley.com/datasets/sdz48p9j5m/1,worksheet 'N1-5%',xlsx_parse_via_openpyxl,2026-09-13,CC BY 4.0,1 (10^6 µm³/J) = 1e-12 m³/J；效率是体积效率，不可反推局部深度,False,FLAG: cutting used a SEPARATE 24 µm optical system; must NOT be merged with the efficiency dataset.
D04-N1-5%-17,D04,N1-5%,CFRP + 5 wt% CuHAp,17,0.4,2.0,8.589910910677434,4.623,18.27,4,1.952,5.855999999999999,5.8559999999999985e-12,published_experimental_result,volume_per_energy,measured_columns+derived_conditions,10.17632/sdz48p9j5m.1,https://data.mendeley.com/datasets/sdz48p9j5m/1,worksheet 'N1-5%',xlsx_parse_via_openpyxl,2026-09-13,CC BY 4.0,1 (10^6 µm³/J) = 1e-12 m³/J；效率是体积效率，不可反推局部深度,False,FLAG: cutting used a SEPARATE 24 µm optical system; must NOT be merged with the efficiency dataset.
D04-N1-5%-18,D04,N1-5%,CFRP + 5 wt% CuHAp,18,0.35000000000000003,1.75,7.516172046842755,3.752,16.36,4,1.8169999999999997,6.229714285714285,6.2297142857142844e-12,published_experimental_result,volume_per_energy,measured_columns+derived_conditions,10.17632/sdz48p9j5m.1,https://data.mendeley.com/datasets/sdz48p9j5m/1,worksheet 'N1-5%',xlsx_parse_via_openpyxl,2026-09-13,CC BY 4.0,1 (10^6 µm³/J) = 1e-12 m³/J；效率是体积效率，不可反推局部深度,False,FLAG: cutting used a SEPARATE 24 µm optical system; must NOT be merged with the efficiency dataset.
D04-N1-5%-19,D04,N1-5%,CFRP + 5 wt% CuHAp,19,0.30000000000000004,1.5000000000000002,6.4424331830080765,4.545,19.31,4,1.56575,6.262999999999998,6.262999999999998e-12,published_experimental_result,volume_per_energy,measured_columns+derived_conditions,10.17632/sdz48p9j5m.1,https://data.mendeley.com/datasets/sdz48p9j5m/1,worksheet 'N1-5%',xlsx_parse_via_openpyxl,2026-09-13,CC BY 4.0,1 (10^6 µm³/J) = 1e-12 m³/J；效率是体积效率，不可反推局部深度,False,FLAG: cutting used a SEPARATE 24 µm optical system; must NOT be merged with the efficiency dataset.
D04-N1-5%-20,D04,N1-5%,CFRP + 5 wt% CuHAp,20,0.25,1.25,5.368694319173396,3.44,15.38,4,1.2563333333333333,6.030399999999998,6.030399999999998e-12,published_experimental_result,volume_per_energy,measured_columns+derived_conditions,10.17632/sdz48p9j5m.1,https://data.mendeley.com/datasets/sdz48p9j5m/1,worksheet 'N1-5%',xlsx_parse_via_openpyxl,2026-09-13,CC BY 4.0,1 (10^6 µm³/J) = 1e-12 m³/J；效率是体积效率，不可反推局部深度,False,FLAG: cutting used a SEPARATE 24 µm optical system; must NOT be merged with the efficiency dataset.
D04-N1-5%-21,D04,N1-5%,CFRP + 5 wt% CuHAp,21,0.2,1.0,4.294955455338717,3.75,16.22,4,0.7463333333333333,4.477999999999999,4.4779999999999985e-12,published_experimental_result,volume_per_energy,measured_columns+derived_conditions,10.17632/sdz48p9j5m.1,https://data.mendeley.com/datasets/sdz48p9j5m/1,worksheet 'N1-5%',xlsx_parse_via_openpyxl,2026-09-13,CC BY 4.0,1 (10^6 µm³/J) = 1e-12 m³/J；效率是体积效率，不可反推局部深度,False,FLAG: cutting used a SEPARATE 24 µm optical system; must NOT be merged with the efficiency dataset.
D04-N1-5%-22,D04,N1-5%,CFRP + 5 wt% CuHAp,22,0.15000000000000002,0.7500000000000001,3.2212165915040383,4.117,17.37,4,0.0365,0.2919999999999999,2.919999999999999e-13,published_experimental_result,volume_per_energy,measured_columns+derived_conditions,10.17632/sdz48p9j5m.1,https://data.mendeley.com/datasets/sdz48p9j5m/1,worksheet 'N1-5%',xlsx_parse_via_openpyxl,2026-09-13,CC BY 4.0,1 (10^6 µm³/J) = 1e-12 m³/J；效率是体积效率，不可反推局部深度,False,FLAG: cutting used a SEPARATE 24 µm optical system; must NOT be merged with the efficiency dataset.
D04-N1-5%-23,D04,N1-5%,CFRP + 5 wt% CuHAp,23,0.1,0.5,2.1474777276693584,2.252,9.42,4,0.0255,0.30599999999999994,3.059999999999999e-13,published_experimental_result,volume_per_energy,measured_columns+derived_conditions,10.17632/sdz48p9j5m.1,https://data.mendeley.com/datasets/sdz48p9j5m/1,worksheet 'N1-5%',xlsx_parse_via_openpyxl,2026-09-13,CC BY 4.0,1 (10^6 µm³/J) = 1e-12 m³/J；效率是体积效率，不可反推局部深度,False,FLAG: cutting used a SEPARATE 24 µm optical system; must NOT be merged with the efficiency dataset.
D04-N1-5%_NoCF-2,D04,N1-5%_NoCF,resin-only (no carbon fibre) + 5 wt% CuHAp,2,1.4000000000000001,7.0,30.06468818737102,11.72,48.8,4,11.592500000000001,9.936428571428571,9.936428571428571e-12,published_experimental_result,volume_per_energy,measured_columns+derived_conditions,10.17632/sdz48p9j5m.1,https://data.mendeley.com/datasets/sdz48p9j5m/1,worksheet 'N1-5%_NoCF',xlsx_parse_via_openpyxl,2026-09-13,CC BY 4.0,1 (10^6 µm³/J) = 1e-12 m³/J；效率是体积效率，不可反推局部深度,False,FLAG: cutting used a SEPARATE 24 µm optical system; must NOT be merged with the efficiency dataset.
D04-N1-5%_NoCF-3,D04,N1-5%_NoCF,resin-only (no carbon fibre) + 5 wt% CuHAp,3,1.3,6.5,27.917210459701657,11.77,49.48,4,10.9575,10.114615384615384,1.0114615384615384e-11,published_experimental_result,volume_per_energy,measured_columns+derived_conditions,10.17632/sdz48p9j5m.1,https://data.mendeley.com/datasets/sdz48p9j5m/1,worksheet 'N1-5%_NoCF',xlsx_parse_via_openpyxl,2026-09-13,CC BY 4.0,1 (10^6 µm³/J) = 1e-12 m³/J；效率是体积效率，不可反推局部深度,False,FLAG: cutting used a SEPARATE 24 µm optical system; must NOT be merged with the efficiency dataset.
D04-N1-5%_NoCF-4,D04,N1-5%_NoCF,resin-only (no carbon fibre) + 5 wt% CuHAp,4,1.2000000000000002,6.000000000000001,25.769732732032306,11.92,50.27,4,10.10875,10.108749999999999,1.0108749999999999e-11,published_experimental_result,volume_per_energy,measured_columns+derived_conditions,10.17632/sdz48p9j5m.1,https://data.mendeley.com/datasets/sdz48p9j5m/1,worksheet 'N1-5%_NoCF',xlsx_parse_via_openpyxl,2026-09-13,CC BY 4.0,1 (10^6 µm³/J) = 1e-12 m³/J；效率是体积效率，不可反推局部深度,False,FLAG: cutting used a SEPARATE 24 µm optical system; must NOT be merged with the efficiency dataset.
D04-N1-5%_NoCF-5,D04,N1-5%_NoCF,resin-only (no carbon fibre) + 5 wt% CuHAp,5,1.1,5.5,23.62225500436294,11.2,46.45,4,9.21275,10.050272727272727,1.0050272727272727e-11,published_experimental_result,volume_per_energy,measured_columns+derived_conditions,10.17632/sdz48p9j5m.1,https://data.mendeley.com/datasets/sdz48p9j5m/1,worksheet 'N1-5%_NoCF',xlsx_parse_via_openpyxl,2026-09-13,CC BY 4.0,1 (10^6 µm³/J) = 1e-12 m³/J；效率是体积效率，不可反推局部深度,False,FLAG: cutting used a SEPARATE 24 µm optical system; must NOT be merged with the efficiency dataset.
D04-N1-5%_NoCF-6,D04,N1-5%_NoCF,resin-only (no carbon fibre) + 5 wt% CuHAp,6,1.0,5.0,21.474777276693583,11.05,46.54,4,8.412749999999999,10.095299999999996,1.0095299999999996e-11,published_experimental_result,volume_per_energy,measured_columns+derived_conditions,10.17632/sdz48p9j5m.1,https://data.mendeley.com/datasets/sdz48p9j5m/1,worksheet 'N1-5%_NoCF',xlsx_parse_via_openpyxl,2026-09-13,CC BY 4.0,1 (10^6 µm³/J) = 1e-12 m³/J；效率是体积效率，不可反推局部深度,False,FLAG: cutting used a SEPARATE 24 µm optical system; must NOT be merged with the efficiency dataset.
D04-N1-5%_NoCF-7,D04,N1-5%_NoCF,resin-only (no carbon fibre) + 5 wt% CuHAp,7,0.9500000000000001,4.75,20.401038412858902,10.91,47.15,4,8.06825,10.191473684210527,1.0191473684210526e-11,published_experimental_result,volume_per_energy,measured_columns+derived_conditions,10.17632/sdz48p9j5m.1,https://data.mendeley.com/datasets/sdz48p9j5m/1,worksheet 'N1-5%_NoCF',xlsx_parse_via_openpyxl,2026-09-13,CC BY 4.0,1 (10^6 µm³/J) = 1e-12 m³/J；效率是体积效率，不可反推局部深度,False,FLAG: cutting used a SEPARATE 24 µm optical system; must NOT be merged with the efficiency dataset.
D04-N1-5%_NoCF-8,D04,N1-5%_NoCF,resin-only (no carbon fibre) + 5 wt% CuHAp,8,0.9,4.5,19.327299549024225,10.67,45.25,4,7.644,10.191999999999998,1.0191999999999999e-11,published_experimental_result,volume_per_energy,measured_columns+derived_conditions,10.17632/sdz48p9j5m.1,https://data.mendeley.com/datasets/sdz48p9j5m/1,worksheet 'N1-5%_NoCF',xlsx_parse_via_openpyxl,2026-09-13,CC BY 4.0,1 (10^6 µm³/J) = 1e-12 m³/J；效率是体积效率，不可反推局部深度,False,FLAG: cutting used a SEPARATE 24 µm optical system; must NOT be merged with the efficiency dataset.
D04-N1-5%_NoCF-9,D04,N1-5%_NoCF,resin-only (no carbon fibre) + 5 wt% CuHAp,9,0.8500000000000001,4.25,18.253560685189548,9.885,41.58,4,7.297,10.301647058823528,1.0301647058823528e-11,published_experimental_result,volume_per_energy,measured_columns+derived_conditions,10.17632/sdz48p9j5m.1,https://data.mendeley.com/datasets/sdz48p9j5m/1,worksheet 'N1-5%_NoCF',xlsx_parse_via_openpyxl,2026-09-13,CC BY 4.0,1 (10^6 µm³/J) = 1e-12 m³/J；效率是体积效率，不可反推局部深度,False,FLAG: cutting used a SEPARATE 24 µm optical system; must NOT be merged with the efficiency dataset.
D04-N1-5%_NoCF-10,D04,N1-5%_NoCF,resin-only (no carbon fibre) + 5 wt% CuHAp,10,0.8,4.0,17.179821821354867,10.12,44.58,4,6.721,10.081499999999998,1.0081499999999997e-11,published_experimental_result,volume_per_energy,measured_columns+derived_conditions,10.17632/sdz48p9j5m.1,https://data.mendeley.com/datasets/sdz48p9j5m/1,worksheet 'N1-5%_NoCF',xlsx_parse_via_openpyxl,2026-09-13,CC BY 4.0,1 (10^6 µm³/J) = 1e-12 m³/J；效率是体积效率，不可反推局部深度,False,FLAG: cutting used a SEPARATE 24 µm optical system; must NOT be merged with the efficiency dataset.
D04-N1-5%_NoCF-11,D04,N1-5%_NoCF,resin-only (no carbon fibre) + 5 wt% CuHAp,11,0.75,3.75,16.106082957520186,10.2,43.13,4,6.296500000000001,10.074399999999999,1.0074399999999999e-11,published_experimental_result,volume_per_energy,measured_columns+derived_conditions,10.17632/sdz48p9j5m.1,https://data.mendeley.com/datasets/sdz48p9j5m/1,worksheet 'N1-5%_NoCF',xlsx_parse_via_openpyxl,2026-09-13,CC BY 4.0,1 (10^6 µm³/J) = 1e-12 m³/J；效率是体积效率，不可反推局部深度,False,FLAG: cutting used a SEPARATE 24 µm optical system; must NOT be merged with the efficiency dataset.
D04-N1-5%_NoCF-12,D04,N1-5%_NoCF,resin-only (no carbon fibre) + 5 wt% CuHAp,12,0.7000000000000001,3.5,15.03234409368551,10.23,44.24,4,5.892,10.100571428571428,1.0100571428571427e-11,published_experimental_result,volume_per_energy,measured_columns+derived_conditions,10.17632/sdz48p9j5m.1,https://data.mendeley.com/datasets/sdz48p9j5m/1,worksheet 'N1-5%_NoCF',xlsx_parse_via_openpyxl,2026-09-13,CC BY 4.0,1 (10^6 µm³/J) = 1e-12 m³/J；效率是体积效率，不可反推局部深度,False,FLAG: cutting used a SEPARATE 24 µm optical system; must NOT be merged with the efficiency dataset.
D04-N1-5%_NoCF-13,D04,N1-5%_NoCF,resin-only (no carbon fibre) + 5 wt% CuHAp,13,0.65,3.25,13.958605229850829,9.471,39.8,4,5.417000000000001,10.000615384615385,1.0000615384615385e-11,published_experimental_result,volume_per_energy,measured_columns+derived_conditions,10.17632/sdz48p9j5m.1,https://data.mendeley.com/datasets/sdz48p9j5m/1,worksheet 'N1-5%_NoCF',xlsx_parse_via_openpyxl,2026-09-13,CC BY 4.0,1 (10^6 µm³/J) = 1e-12 m³/J；效率是体积效率，不可反推局部深度,False,FLAG: cutting used a SEPARATE 24 µm optical system; must NOT be merged with the efficiency dataset.
D04-N1-5%_NoCF-14,D04,N1-5%_NoCF,resin-only (no carbon fibre) + 5 wt% CuHAp,14,0.6000000000000001,3.0000000000000004,12.884866366016153,9.288,39.02,4,4.912,9.823999999999998,9.823999999999999e-12,published_experimental_result,volume_per_energy,measured_columns+derived_conditions,10.17632/sdz48p9j5m.1,https://data.mendeley.com/datasets/sdz48p9j5m/1,worksheet 'N1-5%_NoCF',xlsx_parse_via_openpyxl,2026-09-13,CC BY 4.0,1 (10^6 µm³/J) = 1e-12 m³/J；效率是体积效率，不可反推局部深度,False,FLAG: cutting used a SEPARATE 24 µm optical system; must NOT be merged with the efficiency dataset.
D04-N1-5%_NoCF-15,D04,N1-5%_NoCF,resin-only (no carbon fibre) + 5 wt% CuHAp,15,0.55,2.75,11.81112750218147,9.269,39.17,4,4.45775,9.725999999999999,9.726e-12,published_experimental_result,volume_per_energy,measured_columns+derived_conditions,10.17632/sdz48p9j5m.1,https://data.mendeley.com/datasets/sdz48p9j5m/1,worksheet 'N1-5%_NoCF',xlsx_parse_via_openpyxl,2026-09-13,CC BY 4.0,1 (10^6 µm³/J) = 1e-12 m³/J；效率是体积效率，不可反推局部深度,False,FLAG: cutting used a SEPARATE 24 µm optical system; must NOT be merged with the efficiency dataset.
D04-N1-5%_NoCF-16,D04,N1-5%_NoCF,resin-only (no carbon fibre) + 5 wt% CuHAp,16,0.5,2.5,10.737388638346792,8.823,37.83,4,4.002,9.604799999999997,9.604799999999996e-12,published_experimental_result,volume_per_energy,measured_columns+derived_conditions,10.17632/sdz48p9j5m.1,https://data.mendeley.com/datasets/sdz48p9j5m/1,worksheet 'N1-5%_NoCF',xlsx_parse_via_openpyxl,2026-09-13,CC BY 4.0,1 (10^6 µm³/J) = 1e-12 m³/J；效率是体积效率，不可反推局部深度,False,FLAG: cutting used a SEPARATE 24 µm optical system; must NOT be merged with the efficiency dataset.
D04-N1-5%_NoCF-17,D04,N1-5%_NoCF,resin-only (no carbon fibre) + 5 wt% CuHAp,17,0.45,2.25,9.663649774512113,8.381,35.67,4,3.4572499999999997,9.219333333333331,9.219333333333331e-12,published_experimental_result,volume_per_energy,measured_columns+derived_conditions,10.17632/sdz48p9j5m.1,https://data.mendeley.com/datasets/sdz48p9j5m/1,worksheet 'N1-5%_NoCF',xlsx_parse_via_openpyxl,2026-09-13,CC BY 4.0,1 (10^6 µm³/J) = 1e-12 m³/J；效率是体积效率，不可反推局部深度,False,FLAG: cutting used a SEPARATE 24 µm optical system; must NOT be merged with the efficiency dataset.
D04-N1-5%_NoCF-18,D04,N1-5%_NoCF,resin-only (no carbon fibre) + 5 wt% CuHAp,18,0.4,2.0,8.589910910677434,8.406,35.39,4,3.0655,9.196499999999999,9.196499999999999e-12,published_experimental_result,volume_per_energy,measured_columns+derived_conditions,10.17632/sdz48p9j5m.1,https://data.mendeley.com/datasets/sdz48p9j5m/1,worksheet 'N1-5%_NoCF',xlsx_parse_via_openpyxl,2026-09-13,CC BY 4.0,1 (10^6 µm³/J) = 1e-12 m³/J；效率是体积效率，不可反推局部深度,False,FLAG: cutting used a SEPARATE 24 µm optical system; must NOT be merged with the efficiency dataset.
D04-N1-5%_NoCF-19,D04,N1-5%_NoCF,resin-only (no carbon fibre) + 5 wt% CuHAp,19,0.35000000000000003,1.75,7.516172046842755,8.389,35.53,4,2.46225,8.442,8.442e-12,published_experimental_result,volume_per_energy,measured_columns+derived_conditions,10.17632/sdz48p9j5m.1,https://data.mendeley.com/datasets/sdz48p9j5m/1,worksheet 'N1-5%_NoCF',xlsx_parse_via_openpyxl,2026-09-13,CC BY 4.0,1 (10^6 µm³/J) = 1e-12 m³/J；效率是体积效率，不可反推局部深度,False,FLAG: cutting used a SEPARATE 24 µm optical system; must NOT be merged with the efficiency dataset.
D04-N1-5%_NoCF-20,D04,N1-5%_NoCF,resin-only (no carbon fibre) + 5 wt% CuHAp,20,0.30000000000000004,1.5000000000000002,6.4424331830080765,8.475,35.96,4,1.8895,7.557999999999998,7.557999999999998e-12,published_experimental_result,volume_per_energy,measured_columns+derived_conditions,10.17632/sdz48p9j5m.1,https://data.mendeley.com/datasets/sdz48p9j5m/1,worksheet 'N1-5%_NoCF',xlsx_parse_via_openpyxl,2026-09-13,CC BY 4.0,1 (10^6 µm³/J) = 1e-12 m³/J；效率是体积效率，不可反推局部深度,False,FLAG: cutting used a SEPARATE 24 µm optical system; must NOT be merged with the efficiency dataset.
D04-N1-5%_NoCF-21,D04,N1-5%_NoCF,resin-only (no carbon fibre) + 5 wt% CuHAp,21,0.25,1.25,5.368694319173396,7.996,34.77,4,1.6826666666666668,8.076799999999999,8.076799999999999e-12,published_experimental_result,volume_per_energy,measured_columns+derived_conditions,10.17632/sdz48p9j5m.1,https://data.mendeley.com/datasets/sdz48p9j5m/1,worksheet 'N1-5%_NoCF',xlsx_parse_via_openpyxl,2026-09-13,CC BY 4.0,1 (10^6 µm³/J) = 1e-12 m³/J；效率是体积效率，不可反推局部深度,False,FLAG: cutting used a SEPARATE 24 µm optical system; must NOT be merged with the efficiency dataset.
D04-N1-5%_NoCF-22,D04,N1-5%_NoCF,resin-only (no carbon fibre) + 5 wt% CuHAp,22,0.2,1.0,4.294955455338717,8.123,32.47,4,0.778,4.667999999999999,4.667999999999999e-12,published_experimental_result,volume_per_energy,measured_columns+derived_conditions,10.17632/sdz48p9j5m.1,https://data.mendeley.com/datasets/sdz48p9j5m/1,worksheet 'N1-5%_NoCF',xlsx_parse_via_openpyxl,2026-09-13,CC BY 4.0,1 (10^6 µm³/J) = 1e-12 m³/J；效率是体积效率，不可反推局部深度,False,FLAG: cutting used a SEPARATE 24 µm optical system; must NOT be merged with the efficiency dataset.
D04-N1-5%_NoCF-23,D04,N1-5%_NoCF,resin-only (no carbon fibre) + 5 wt% CuHAp,23,0.15000000000000002,0.7500000000000001,3.2212165915040383,8.164,33.72,4,0.0,0.0,0.0,published_experimental_result,volume_per_energy,measured_columns+derived_conditions,10.17632/sdz48p9j5m.1,https://data.mendeley.com/datasets/sdz48p9j5m/1,worksheet 'N1-5%_NoCF',xlsx_parse_via_openpyxl,2026-09-13,CC BY 4.0,1 (10^6 µm³/J) = 1e-12 m³/J；效率是体积效率，不可反推局部深度,False,FLAG: cutting used a SEPARATE 24 µm optical system; must NOT be merged with the efficiency dataset.
D04-N1-5%_NoCF-24,D04,N1-5%_NoCF,resin-only (no carbon fibre) + 5 wt% CuHAp,24,0.1,0.5,2.1474777276693584,7.99,33.57,4,0.0,0.0,0.0,published_experimental_result,volume_per_energy,measured_columns+derived_conditions,10.17632/sdz48p9j5m.1,https://data.mendeley.com/datasets/sdz48p9j5m/1,worksheet 'N1-5%_NoCF',xlsx_parse_via_openpyxl,2026-09-13,CC BY 4.0,1 (10^6 µm³/J) = 1e-12 m³/J；效率是体积效率，不可反推局部深度,False,FLAG: cutting used a SEPARATE 24 µm optical system; must NOT be merged with the efficiency dataset.
D04-N2-5%-2,D04,N2-5%,CFRP + 5 wt% (CuHAp:CaHAp 75:25),2,1.4000000000000001,7.0,30.06468818737102,5.501,22.86,4,5.02875,4.310357142857142,4.310357142857142e-12,published_experimental_result,volume_per_energy,measured_columns+derived_conditions,10.17632/sdz48p9j5m.1,https://data.mendeley.com/datasets/sdz48p9j5m/1,worksheet 'N2-5%',xlsx_parse_via_openpyxl,2026-09-13,CC BY 4.0,1 (10^6 µm³/J) = 1e-12 m³/J；效率是体积效率，不可反推局部深度,False,FLAG: abstract-vs-text efficiency conflict preserved (no averaging). FLAG: cutting used a SEPARATE 24 µm optical system; must NOT be merged with the efficiency dataset.
D04-N2-5%-3,D04,N2-5%,CFRP + 5 wt% (CuHAp:CaHAp 75:25),3,1.3,6.5,27.917210459701657,5.606,23.58,4,4.51575,4.168384615384615,4.168384615384615e-12,published_experimental_result,volume_per_energy,measured_columns+derived_conditions,10.17632/sdz48p9j5m.1,https://data.mendeley.com/datasets/sdz48p9j5m/1,worksheet 'N2-5%',xlsx_parse_via_openpyxl,2026-09-13,CC BY 4.0,1 (10^6 µm³/J) = 1e-12 m³/J；效率是体积效率，不可反推局部深度,False,FLAG: abstract-vs-text efficiency conflict preserved (no averaging). FLAG: cutting used a SEPARATE 24 µm optical system; must NOT be merged with the efficiency dataset.
D04-N2-5%-4,D04,N2-5%,CFRP + 5 wt% (CuHAp:CaHAp 75:25),4,1.2000000000000002,6.000000000000001,25.769732732032306,4.524,19.1,4,4.553,4.552999999999999,4.552999999999999e-12,published_experimental_result,volume_per_energy,measured_columns+derived_conditions,10.17632/sdz48p9j5m.1,https://data.mendeley.com/datasets/sdz48p9j5m/1,worksheet 'N2-5%',xlsx_parse_via_openpyxl,2026-09-13,CC BY 4.0,1 (10^6 µm³/J) = 1e-12 m³/J；效率是体积效率，不可反推局部深度,False,FLAG: abstract-vs-text efficiency conflict preserved (no averaging). FLAG: cutting used a SEPARATE 24 µm optical system; must NOT be merged with the efficiency dataset.
D04-N2-5%-5,D04,N2-5%,CFRP + 5 wt% (CuHAp:CaHAp 75:25),5,1.1,5.5,23.62225500436294,4.562,18.79,4,4.03775,4.4048181818181815,4.4048181818181816e-12,published_experimental_result,volume_per_energy,measured_columns+derived_conditions,10.17632/sdz48p9j5m.1,https://data.mendeley.com/datasets/sdz48p9j5m/1,worksheet 'N2-5%',xlsx_parse_via_openpyxl,2026-09-13,CC BY 4.0,1 (10^6 µm³/J) = 1e-12 m³/J；效率是体积效率，不可反推局部深度,False,FLAG: abstract-vs-text efficiency conflict preserved (no averaging). FLAG: cutting used a SEPARATE 24 µm optical system; must NOT be merged with the efficiency dataset.
D04-N2-5%-6,D04,N2-5%,CFRP + 5 wt% (CuHAp:CaHAp 75:25),6,1.0,5.0,21.474777276693583,5.051,21.25,4,4.0737499999999995,4.888499999999999,4.888499999999999e-12,published_experimental_result,volume_per_energy,measured_columns+derived_conditions,10.17632/sdz48p9j5m.1,https://data.mendeley.com/datasets/sdz48p9j5m/1,worksheet 'N2-5%',xlsx_parse_via_openpyxl,2026-09-13,CC BY 4.0,1 (10^6 µm³/J) = 1e-12 m³/J；效率是体积效率，不可反推局部深度,False,FLAG: abstract-vs-text efficiency conflict preserved (no averaging). FLAG: cutting used a SEPARATE 24 µm optical system; must NOT be merged with the efficiency dataset.
D04-N2-5%-7,D04,N2-5%,CFRP + 5 wt% (CuHAp:CaHAp 75:25),7,0.9500000000000001,4.75,20.401038412858902,4.557,20.25,4,3.8294999999999995,4.837263157894736,4.837263157894736e-12,published_experimental_result,volume_per_energy,measured_columns+derived_conditions,10.17632/sdz48p9j5m.1,https://data.mendeley.com/datasets/sdz48p9j5m/1,worksheet 'N2-5%',xlsx_parse_via_openpyxl,2026-09-13,CC BY 4.0,1 (10^6 µm³/J) = 1e-12 m³/J；效率是体积效率，不可反推局部深度,False,FLAG: abstract-vs-text efficiency conflict preserved (no averaging). FLAG: cutting used a SEPARATE 24 µm optical system; must NOT be merged with the efficiency dataset.
D04-N2-5%-8,D04,N2-5%,CFRP + 5 wt% (CuHAp:CaHAp 75:25),8,0.9,4.5,19.327299549024225,3.893,16.46,4,3.50625,4.675,4.674999999999999e-12,published_experimental_result,volume_per_energy,measured_columns+derived_conditions,10.17632/sdz48p9j5m.1,https://data.mendeley.com/datasets/sdz48p9j5m/1,worksheet 'N2-5%',xlsx_parse_via_openpyxl,2026-09-13,CC BY 4.0,1 (10^6 µm³/J) = 1e-12 m³/J；效率是体积效率，不可反推局部深度,False,FLAG: abstract-vs-text efficiency conflict preserved (no averaging). FLAG: cutting used a SEPARATE 24 µm optical system; must NOT be merged with the efficiency dataset.
D04-N2-5%-9,D04,N2-5%,CFRP + 5 wt% (CuHAp:CaHAp 75:25),9,0.8500000000000001,4.25,18.253560685189548,4.45,18.81,4,3.62875,5.122941176470588,5.122941176470588e-12,published_experimental_result,volume_per_energy,measured_columns+derived_conditions,10.17632/sdz48p9j5m.1,https://data.mendeley.com/datasets/sdz48p9j5m/1,worksheet 'N2-5%',xlsx_parse_via_openpyxl,2026-09-13,CC BY 4.0,1 (10^6 µm³/J) = 1e-12 m³/J；效率是体积效率，不可反推局部深度,False,FLAG: abstract-vs-text efficiency conflict preserved (no averaging). FLAG: cutting used a SEPARATE 24 µm optical system; must NOT be merged with the efficiency dataset.
D04-N2-5%-10,D04,N2-5%,CFRP + 5 wt% (CuHAp:CaHAp 75:25),10,0.8,4.0,17.179821821354867,4.69,19.98,4,3.3847499999999995,5.077124999999999,5.077124999999999e-12,published_experimental_result,volume_per_energy,measured_columns+derived_conditions,10.17632/sdz48p9j5m.1,https://data.mendeley.com/datasets/sdz48p9j5m/1,worksheet 'N2-5%',xlsx_parse_via_openpyxl,2026-09-13,CC BY 4.0,1 (10^6 µm³/J) = 1e-12 m³/J；效率是体积效率，不可反推局部深度,False,FLAG: abstract-vs-text efficiency conflict preserved (no averaging). FLAG: cutting used a SEPARATE 24 µm optical system; must NOT be merged with the efficiency dataset.
D04-N2-5%-11,D04,N2-5%,CFRP + 5 wt% (CuHAp:CaHAp 75:25),11,0.75,3.75,16.106082957520186,4.063,18.25,4,3.5570000000000004,5.691199999999999,5.691199999999999e-12,published_experimental_result,volume_per_energy,measured_columns+derived_conditions,10.17632/sdz48p9j5m.1,https://data.mendeley.com/datasets/sdz48p9j5m/1,worksheet 'N2-5%',xlsx_parse_via_openpyxl,2026-09-13,CC BY 4.0,1 (10^6 µm³/J) = 1e-12 m³/J；效率是体积效率，不可反推局部深度,False,FLAG: abstract-vs-text efficiency conflict preserved (no averaging). FLAG: cutting used a SEPARATE 24 µm optical system; must NOT be merged with the efficiency dataset.
D04-N2-5%-12,D04,N2-5%,CFRP + 5 wt% (CuHAp:CaHAp 75:25),12,0.7000000000000001,3.5,15.03234409368551,5.009,19.94,4,3.2249999999999996,5.528571428571428,5.5285714285714276e-12,published_experimental_result,volume_per_energy,measured_columns+derived_conditions,10.17632/sdz48p9j5m.1,https://data.mendeley.com/datasets/sdz48p9j5m/1,worksheet 'N2-5%',xlsx_parse_via_openpyxl,2026-09-13,CC BY 4.0,1 (10^6 µm³/J) = 1e-12 m³/J；效率是体积效率，不可反推局部深度,False,FLAG: abstract-vs-text efficiency conflict preserved (no averaging). FLAG: cutting used a SEPARATE 24 µm optical system; must NOT be merged with the efficiency dataset.
D04-N2-5%-13,D04,N2-5%,CFRP + 5 wt% (CuHAp:CaHAp 75:25),13,0.65,3.25,13.958605229850829,4.459,17.789,4,2.8175000000000003,5.201538461538462,5.201538461538462e-12,published_experimental_result,volume_per_energy,measured_columns+derived_conditions,10.17632/sdz48p9j5m.1,https://data.mendeley.com/datasets/sdz48p9j5m/1,worksheet 'N2-5%',xlsx_parse_via_openpyxl,2026-09-13,CC BY 4.0,1 (10^6 µm³/J) = 1e-12 m³/J；效率是体积效率，不可反推局部深度,False,FLAG: abstract-vs-text efficiency conflict preserved (no averaging). FLAG: cutting used a SEPARATE 24 µm optical system; must NOT be merged with the efficiency dataset.
D04-N2-5%-14,D04,N2-5%,CFRP + 5 wt% (CuHAp:CaHAp 75:25),14,0.6000000000000001,3.0000000000000004,12.884866366016153,3.575,15.98,4,2.946,5.8919999999999995,5.8919999999999995e-12,published_experimental_result,volume_per_energy,measured_columns+derived_conditions,10.17632/sdz48p9j5m.1,https://data.mendeley.com/datasets/sdz48p9j5m/1,worksheet 'N2-5%',xlsx_parse_via_openpyxl,2026-09-13,CC BY 4.0,1 (10^6 µm³/J) = 1e-12 m³/J；效率是体积效率，不可反推局部深度,False,FLAG: abstract-vs-text efficiency conflict preserved (no averaging). FLAG: cutting used a SEPARATE 24 µm optical system; must NOT be merged with the efficiency dataset.
D04-N2-5%-15,D04,N2-5%,CFRP + 5 wt% (CuHAp:CaHAp 75:25),15,0.55,2.75,11.81112750218147,3.404,14.76,4,2.5780000000000003,5.624727272727273,5.624727272727273e-12,published_experimental_result,volume_per_energy,measured_columns+derived_conditions,10.17632/sdz48p9j5m.1,https://data.mendeley.com/datasets/sdz48p9j5m/1,worksheet 'N2-5%',xlsx_parse_via_openpyxl,2026-09-13,CC BY 4.0,1 (10^6 µm³/J) = 1e-12 m³/J；效率是体积效率，不可反推局部深度,False,FLAG: abstract-vs-text efficiency conflict preserved (no averaging). FLAG: cutting used a SEPARATE 24 µm optical system; must NOT be merged with the efficiency dataset.
D04-N2-5%-16,D04,N2-5%,CFRP + 5 wt% (CuHAp:CaHAp 75:25),16,0.5,2.5,10.737388638346792,4.713,19.029,4,2.4475,5.873999999999999,5.873999999999999e-12,published_experimental_result,volume_per_energy,measured_columns+derived_conditions,10.17632/sdz48p9j5m.1,https://data.mendeley.com/datasets/sdz48p9j5m/1,worksheet 'N2-5%',xlsx_parse_via_openpyxl,2026-09-13,CC BY 4.0,1 (10^6 µm³/J) = 1e-12 m³/J；效率是体积效率，不可反推局部深度,False,FLAG: abstract-vs-text efficiency conflict preserved (no averaging). FLAG: cutting used a SEPARATE 24 µm optical system; must NOT be merged with the efficiency dataset.
D04-N2-5%-17,D04,N2-5%,CFRP + 5 wt% (CuHAp:CaHAp 75:25),17,0.45,2.25,9.663649774512113,4.295,17.57,4,2.33275,6.2206666666666655,6.220666666666665e-12,published_experimental_result,volume_per_energy,measured_columns+derived_conditions,10.17632/sdz48p9j5m.1,https://data.mendeley.com/datasets/sdz48p9j5m/1,worksheet 'N2-5%',xlsx_parse_via_openpyxl,2026-09-13,CC BY 4.0,1 (10^6 µm³/J) = 1e-12 m³/J；效率是体积效率，不可反推局部深度,False,FLAG: abstract-vs-text efficiency conflict preserved (no averaging). FLAG: cutting used a SEPARATE 24 µm optical system; must NOT be merged with the efficiency dataset.
D04-N2-5%-18,D04,N2-5%,CFRP + 5 wt% (CuHAp:CaHAp 75:25),18,0.4,2.0,8.589910910677434,3.96,16.99,4,1.80625,5.418749999999999,5.418749999999999e-12,published_experimental_result,volume_per_energy,measured_columns+derived_conditions,10.17632/sdz48p9j5m.1,https://data.mendeley.com/datasets/sdz48p9j5m/1,worksheet 'N2-5%',xlsx_parse_via_openpyxl,2026-09-13,CC BY 4.0,1 (10^6 µm³/J) = 1e-12 m³/J；效率是体积效率，不可反推局部深度,False,FLAG: abstract-vs-text efficiency conflict preserved (no averaging). FLAG: cutting used a SEPARATE 24 µm optical system; must NOT be merged with the efficiency dataset.
D04-N2-5%-19,D04,N2-5%,CFRP + 5 wt% (CuHAp:CaHAp 75:25),19,0.35000000000000003,1.75,7.516172046842755,3.613,14.6,4,1.78475,6.119142857142857,6.1191428571428574e-12,published_experimental_result,volume_per_energy,measured_columns+derived_conditions,10.17632/sdz48p9j5m.1,https://data.mendeley.com/datasets/sdz48p9j5m/1,worksheet 'N2-5%',xlsx_parse_via_openpyxl,2026-09-13,CC BY 4.0,1 (10^6 µm³/J) = 1e-12 m³/J；效率是体积效率，不可反推局部深度,False,FLAG: abstract-vs-text efficiency conflict preserved (no averaging). FLAG: cutting used a SEPARATE 24 µm optical system; must NOT be merged with the efficiency dataset.
D04-N2-5%-20,D04,N2-5%,CFRP + 5 wt% (CuHAp:CaHAp 75:25),20,0.30000000000000004,1.5000000000000002,6.4424331830080765,4.427,17.94,4,1.4987500000000002,5.995,5.995e-12,published_experimental_result,volume_per_energy,measured_columns+derived_conditions,10.17632/sdz48p9j5m.1,https://data.mendeley.com/datasets/sdz48p9j5m/1,worksheet 'N2-5%',xlsx_parse_via_openpyxl,2026-09-13,CC BY 4.0,1 (10^6 µm³/J) = 1e-12 m³/J；效率是体积效率，不可反推局部深度,False,FLAG: abstract-vs-text efficiency conflict preserved (no averaging). FLAG: cutting used a SEPARATE 24 µm optical system; must NOT be merged with the efficiency dataset.
D04-N2-5%-21,D04,N2-5%,CFRP + 5 wt% (CuHAp:CaHAp 75:25),21,0.25,1.25,5.368694319173396,3.455,14.84,4,0.9955,4.7783999999999995,4.778399999999999e-12,published_experimental_result,volume_per_energy,measured_columns+derived_conditions,10.17632/sdz48p9j5m.1,https://data.mendeley.com/datasets/sdz48p9j5m/1,worksheet 'N2-5%',xlsx_parse_via_openpyxl,2026-09-13,CC BY 4.0,1 (10^6 µm³/J) = 1e-12 m³/J；效率是体积效率，不可反推局部深度,False,FLAG: abstract-vs-text efficiency conflict preserved (no averaging). FLAG: cutting used a SEPARATE 24 µm optical system; must NOT be merged with the efficiency dataset.
D04-N2-5%-22,D04,N2-5%,CFRP + 5 wt% (CuHAp:CaHAp 75:25),22,0.2,1.0,4.294955455338717,4.14,16.32,4,0.0725,0.43499999999999994,4.349999999999999e-13,published_experimental_result,volume_per_energy,measured_columns+derived_conditions,10.17632/sdz48p9j5m.1,https://data.mendeley.com/datasets/sdz48p9j5m/1,worksheet 'N2-5%',xlsx_parse_via_openpyxl,2026-09-13,CC BY 4.0,1 (10^6 µm³/J) = 1e-12 m³/J；效率是体积效率，不可反推局部深度,False,FLAG: abstract-vs-text efficiency conflict preserved (no averaging). FLAG: cutting used a SEPARATE 24 µm optical system; must NOT be merged with the efficiency dataset.
D04-N2-5%-23,D04,N2-5%,CFRP + 5 wt% (CuHAp:CaHAp 75:25),23,0.15000000000000002,0.7500000000000001,3.2212165915040383,4.273,17.0,4,0.015250000000000001,0.12199999999999998,1.2199999999999999e-13,published_experimental_result,volume_per_energy,measured_columns+derived_conditions,10.17632/sdz48p9j5m.1,https://data.mendeley.com/datasets/sdz48p9j5m/1,worksheet 'N2-5%',xlsx_parse_via_openpyxl,2026-09-13,CC BY 4.0,1 (10^6 µm³/J) = 1e-12 m³/J；效率是体积效率，不可反推局部深度,False,FLAG: abstract-vs-text efficiency conflict preserved (no averaging). FLAG: cutting used a SEPARATE 24 µm optical system; must NOT be merged with the efficiency dataset.
D04-N2-5%-24,D04,N2-5%,CFRP + 5 wt% (CuHAp:CaHAp 75:25),24,0.1,0.5,2.1474777276693584,3.45,14.85,4,0.0025,0.03,3e-14,published_experimental_result,volume_per_energy,measured_columns+derived_conditions,10.17632/sdz48p9j5m.1,https://data.mendeley.com/datasets/sdz48p9j5m/1,worksheet 'N2-5%',xlsx_parse_via_openpyxl,2026-09-13,CC BY 4.0,1 (10^6 µm³/J) = 1e-12 m³/J；效率是体积效率，不可反推局部深度,False,FLAG: abstract-vs-text efficiency conflict preserved (no averaging). FLAG: cutting used a SEPARATE 24 µm optical system; must NOT be merged with the efficiency dataset.
D04-N2-5%_NoCF-2,D04,N2-5%_NoCF,resin-only (no carbon fibre) + 5 wt% (CuHAp:CaHAp 75:25),2,1.4000000000000001,7.0,30.06468818737102,8.717,36.88,4,8.5145,7.298142857142857,7.298142857142857e-12,published_experimental_result,volume_per_energy,measured_columns+derived_conditions,10.17632/sdz48p9j5m.1,https://data.mendeley.com/datasets/sdz48p9j5m/1,worksheet 'N2-5%_NoCF',xlsx_parse_via_openpyxl,2026-09-13,CC BY 4.0,1 (10^6 µm³/J) = 1e-12 m³/J；效率是体积效率，不可反推局部深度,False,FLAG: cutting used a SEPARATE 24 µm optical system; must NOT be merged with the efficiency dataset.
D04-N2-5%_NoCF-3,D04,N2-5%_NoCF,resin-only (no carbon fibre) + 5 wt% (CuHAp:CaHAp 75:25),3,1.3,6.5,27.917210459701657,8.647,38.51,4,8.293,7.655076923076922,7.655076923076921e-12,published_experimental_result,volume_per_energy,measured_columns+derived_conditions,10.17632/sdz48p9j5m.1,https://data.mendeley.com/datasets/sdz48p9j5m/1,worksheet 'N2-5%_NoCF',xlsx_parse_via_openpyxl,2026-09-13,CC BY 4.0,1 (10^6 µm³/J) = 1e-12 m³/J；效率是体积效率，不可反推局部深度,False,FLAG: cutting used a SEPARATE 24 µm optical system; must NOT be merged with the efficiency dataset.
D04-N2-5%_NoCF-4,D04,N2-5%_NoCF,resin-only (no carbon fibre) + 5 wt% (CuHAp:CaHAp 75:25),4,1.2000000000000002,6.000000000000001,25.769732732032306,7.797,34.22,4,8.081,8.080999999999998,8.080999999999998e-12,published_experimental_result,volume_per_energy,measured_columns+derived_conditions,10.17632/sdz48p9j5m.1,https://data.mendeley.com/datasets/sdz48p9j5m/1,worksheet 'N2-5%_NoCF',xlsx_parse_via_openpyxl,2026-09-13,CC BY 4.0,1 (10^6 µm³/J) = 1e-12 m³/J；效率是体积效率，不可反推局部深度,False,FLAG: cutting used a SEPARATE 24 µm optical system; must NOT be merged with the efficiency dataset.
D04-N2-5%_NoCF-5,D04,N2-5%_NoCF,resin-only (no carbon fibre) + 5 wt% (CuHAp:CaHAp 75:25),5,1.1,5.5,23.62225500436294,8.058,34.61,4,7.6080000000000005,8.299636363636363,8.299636363636363e-12,published_experimental_result,volume_per_energy,measured_columns+derived_conditions,10.17632/sdz48p9j5m.1,https://data.mendeley.com/datasets/sdz48p9j5m/1,worksheet 'N2-5%_NoCF',xlsx_parse_via_openpyxl,2026-09-13,CC BY 4.0,1 (10^6 µm³/J) = 1e-12 m³/J；效率是体积效率，不可反推局部深度,False,FLAG: cutting used a SEPARATE 24 µm optical system; must NOT be merged with the efficiency dataset.
D04-N2-5%_NoCF-6,D04,N2-5%_NoCF,resin-only (no carbon fibre) + 5 wt% (CuHAp:CaHAp 75:25),6,1.0,5.0,21.474777276693583,8.418,35.37,4,7.275250000000001,8.7303,8.730299999999999e-12,published_experimental_result,volume_per_energy,measured_columns+derived_conditions,10.17632/sdz48p9j5m.1,https://data.mendeley.com/datasets/sdz48p9j5m/1,worksheet 'N2-5%_NoCF',xlsx_parse_via_openpyxl,2026-09-13,CC BY 4.0,1 (10^6 µm³/J) = 1e-12 m³/J；效率是体积效率，不可反推局部深度,False,FLAG: cutting used a SEPARATE 24 µm optical system; must NOT be merged with the efficiency dataset.
D04-N2-5%_NoCF-7,D04,N2-5%_NoCF,resin-only (no carbon fibre) + 5 wt% (CuHAp:CaHAp 75:25),7,0.9500000000000001,4.75,20.401038412858902,8.108,38.11,4,6.830500000000001,8.628,8.627999999999999e-12,published_experimental_result,volume_per_energy,measured_columns+derived_conditions,10.17632/sdz48p9j5m.1,https://data.mendeley.com/datasets/sdz48p9j5m/1,worksheet 'N2-5%_NoCF',xlsx_parse_via_openpyxl,2026-09-13,CC BY 4.0,1 (10^6 µm³/J) = 1e-12 m³/J；效率是体积效率，不可反推局部深度,False,FLAG: cutting used a SEPARATE 24 µm optical system; must NOT be merged with the efficiency dataset.
D04-N2-5%_NoCF-8,D04,N2-5%_NoCF,resin-only (no carbon fibre) + 5 wt% (CuHAp:CaHAp 75:25),8,0.9,4.5,19.327299549024225,8.588,37.76,4,6.647,8.862666666666666,8.862666666666665e-12,published_experimental_result,volume_per_energy,measured_columns+derived_conditions,10.17632/sdz48p9j5m.1,https://data.mendeley.com/datasets/sdz48p9j5m/1,worksheet 'N2-5%_NoCF',xlsx_parse_via_openpyxl,2026-09-13,CC BY 4.0,1 (10^6 µm³/J) = 1e-12 m³/J；效率是体积效率，不可反推局部深度,False,FLAG: cutting used a SEPARATE 24 µm optical system; must NOT be merged with the efficiency dataset.
D04-N2-5%_NoCF-9,D04,N2-5%_NoCF,resin-only (no carbon fibre) + 5 wt% (CuHAp:CaHAp 75:25),9,0.8500000000000001,4.25,18.253560685189548,8.086,37.29,4,6.33,8.936470588235293,8.936470588235293e-12,published_experimental_result,volume_per_energy,measured_columns+derived_conditions,10.17632/sdz48p9j5m.1,https://data.mendeley.com/datasets/sdz48p9j5m/1,worksheet 'N2-5%_NoCF',xlsx_parse_via_openpyxl,2026-09-13,CC BY 4.0,1 (10^6 µm³/J) = 1e-12 m³/J；效率是体积效率，不可反推局部深度,False,FLAG: cutting used a SEPARATE 24 µm optical system; must NOT be merged with the efficiency dataset.
D04-N2-5%_NoCF-10,D04,N2-5%_NoCF,resin-only (no carbon fibre) + 5 wt% (CuHAp:CaHAp 75:25),10,0.8,4.0,17.179821821354867,8.046,34.61,4,6.0075,9.011249999999999,9.011249999999999e-12,published_experimental_result,volume_per_energy,measured_columns+derived_conditions,10.17632/sdz48p9j5m.1,https://data.mendeley.com/datasets/sdz48p9j5m/1,worksheet 'N2-5%_NoCF',xlsx_parse_via_openpyxl,2026-09-13,CC BY 4.0,1 (10^6 µm³/J) = 1e-12 m³/J；效率是体积效率，不可反推局部深度,False,FLAG: cutting used a SEPARATE 24 µm optical system; must NOT be merged with the efficiency dataset.
D04-N2-5%_NoCF-11,D04,N2-5%_NoCF,resin-only (no carbon fibre) + 5 wt% (CuHAp:CaHAp 75:25),11,0.75,3.75,16.106082957520186,8.126,33.68,4,5.541499999999999,8.866399999999997,8.866399999999997e-12,published_experimental_result,volume_per_energy,measured_columns+derived_conditions,10.17632/sdz48p9j5m.1,https://data.mendeley.com/datasets/sdz48p9j5m/1,worksheet 'N2-5%_NoCF',xlsx_parse_via_openpyxl,2026-09-13,CC BY 4.0,1 (10^6 µm³/J) = 1e-12 m³/J；效率是体积效率，不可反推局部深度,False,FLAG: cutting used a SEPARATE 24 µm optical system; must NOT be merged with the efficiency dataset.
D04-N2-5%_NoCF-12,D04,N2-5%_NoCF,resin-only (no carbon fibre) + 5 wt% (CuHAp:CaHAp 75:25),12,0.7000000000000001,3.5,15.03234409368551,8.066,35.23,4,5.265750000000001,9.027000000000001,9.027e-12,published_experimental_result,volume_per_energy,measured_columns+derived_conditions,10.17632/sdz48p9j5m.1,https://data.mendeley.com/datasets/sdz48p9j5m/1,worksheet 'N2-5%_NoCF',xlsx_parse_via_openpyxl,2026-09-13,CC BY 4.0,1 (10^6 µm³/J) = 1e-12 m³/J；效率是体积效率，不可反推局部深度,False,FLAG: cutting used a SEPARATE 24 µm optical system; must NOT be merged with the efficiency dataset.
D04-N2-5%_NoCF-13,D04,N2-5%_NoCF,resin-only (no carbon fibre) + 5 wt% (CuHAp:CaHAp 75:25),13,0.65,3.25,13.958605229850829,7.693,31.29,4,4.984249999999999,9.201692307692305,9.201692307692305e-12,published_experimental_result,volume_per_energy,measured_columns+derived_conditions,10.17632/sdz48p9j5m.1,https://data.mendeley.com/datasets/sdz48p9j5m/1,worksheet 'N2-5%_NoCF',xlsx_parse_via_openpyxl,2026-09-13,CC BY 4.0,1 (10^6 µm³/J) = 1e-12 m³/J；效率是体积效率，不可反推局部深度,False,FLAG: cutting used a SEPARATE 24 µm optical system; must NOT be merged with the efficiency dataset.
D04-N2-5%_NoCF-14,D04,N2-5%_NoCF,resin-only (no carbon fibre) + 5 wt% (CuHAp:CaHAp 75:25),14,0.6000000000000001,3.0000000000000004,12.884866366016153,7.543,33.06,4,4.556749999999999,9.113499999999997,9.113499999999996e-12,published_experimental_result,volume_per_energy,measured_columns+derived_conditions,10.17632/sdz48p9j5m.1,https://data.mendeley.com/datasets/sdz48p9j5m/1,worksheet 'N2-5%_NoCF',xlsx_parse_via_openpyxl,2026-09-13,CC BY 4.0,1 (10^6 µm³/J) = 1e-12 m³/J；效率是体积效率，不可反推局部深度,False,FLAG: cutting used a SEPARATE 24 µm optical system; must NOT be merged with the efficiency dataset.
D04-N2-5%_NoCF-15,D04,N2-5%_NoCF,resin-only (no carbon fibre) + 5 wt% (CuHAp:CaHAp 75:25),15,0.55,2.75,11.81112750218147,7.533,33.82,4,4.0874999999999995,8.918181818181816,8.918181818181816e-12,published_experimental_result,volume_per_energy,measured_columns+derived_conditions,10.17632/sdz48p9j5m.1,https://data.mendeley.com/datasets/sdz48p9j5m/1,worksheet 'N2-5%_NoCF',xlsx_parse_via_openpyxl,2026-09-13,CC BY 4.0,1 (10^6 µm³/J) = 1e-12 m³/J；效率是体积效率，不可反推局部深度,False,FLAG: cutting used a SEPARATE 24 µm optical system; must NOT be merged with the efficiency dataset.
D04-N2-5%_NoCF-16,D04,N2-5%_NoCF,resin-only (no carbon fibre) + 5 wt% (CuHAp:CaHAp 75:25),16,0.5,2.5,10.737388638346792,7.663,33.82,4,3.7535,9.008399999999998,9.008399999999999e-12,published_experimental_result,volume_per_energy,measured_columns+derived_conditions,10.17632/sdz48p9j5m.1,https://data.mendeley.com/datasets/sdz48p9j5m/1,worksheet 'N2-5%_NoCF',xlsx_parse_via_openpyxl,2026-09-13,CC BY 4.0,1 (10^6 µm³/J) = 1e-12 m³/J；效率是体积效率，不可反推局部深度,False,FLAG: cutting used a SEPARATE 24 µm optical system; must NOT be merged with the efficiency dataset.
D04-N2-5%_NoCF-17,D04,N2-5%_NoCF,resin-only (no carbon fibre) + 5 wt% (CuHAp:CaHAp 75:25),17,0.45,2.25,9.663649774512113,7.031,32.3,4,3.3549999999999995,8.946666666666664,8.946666666666664e-12,published_experimental_result,volume_per_energy,measured_columns+derived_conditions,10.17632/sdz48p9j5m.1,https://data.mendeley.com/datasets/sdz48p9j5m/1,worksheet 'N2-5%_NoCF',xlsx_parse_via_openpyxl,2026-09-13,CC BY 4.0,1 (10^6 µm³/J) = 1e-12 m³/J；效率是体积效率，不可反推局部深度,False,FLAG: cutting used a SEPARATE 24 µm optical system; must NOT be merged with the efficiency dataset.
D04-N2-5%_NoCF-18,D04,N2-5%_NoCF,resin-only (no carbon fibre) + 5 wt% (CuHAp:CaHAp 75:25),18,0.4,2.0,8.589910910677434,7.48,31.65,4,2.879,8.636999999999999,8.636999999999999e-12,published_experimental_result,volume_per_energy,measured_columns+derived_conditions,10.17632/sdz48p9j5m.1,https://data.mendeley.com/datasets/sdz48p9j5m/1,worksheet 'N2-5%_NoCF',xlsx_parse_via_openpyxl,2026-09-13,CC BY 4.0,1 (10^6 µm³/J) = 1e-12 m³/J；效率是体积效率，不可反推局部深度,False,FLAG: cutting used a SEPARATE 24 µm optical system; must NOT be merged with the efficiency dataset.
D04-N2-5%_NoCF-19,D04,N2-5%_NoCF,resin-only (no carbon fibre) + 5 wt% (CuHAp:CaHAp 75:25),19,0.35000000000000003,1.75,7.516172046842755,7.4,32.91,4,2.48975,8.536285714285713,8.536285714285713e-12,published_experimental_result,volume_per_energy,measured_columns+derived_conditions,10.17632/sdz48p9j5m.1,https://data.mendeley.com/datasets/sdz48p9j5m/1,worksheet 'N2-5%_NoCF',xlsx_parse_via_openpyxl,2026-09-13,CC BY 4.0,1 (10^6 µm³/J) = 1e-12 m³/J；效率是体积效率，不可反推局部深度,False,FLAG: cutting used a SEPARATE 24 µm optical system; must NOT be merged with the efficiency dataset.
D04-N2-5%_NoCF-20,D04,N2-5%_NoCF,resin-only (no carbon fibre) + 5 wt% (CuHAp:CaHAp 75:25),20,0.30000000000000004,1.5000000000000002,6.4424331830080765,7.19,33.33,4,1.9144999999999999,7.657999999999998,7.657999999999998e-12,published_experimental_result,volume_per_energy,measured_columns+derived_conditions,10.17632/sdz48p9j5m.1,https://data.mendeley.com/datasets/sdz48p9j5m/1,worksheet 'N2-5%_NoCF',xlsx_parse_via_openpyxl,2026-09-13,CC BY 4.0,1 (10^6 µm³/J) = 1e-12 m³/J；效率是体积效率，不可反推局部深度,False,FLAG: cutting used a SEPARATE 24 µm optical system; must NOT be merged with the efficiency dataset.
D04-N2-5%_NoCF-21,D04,N2-5%_NoCF,resin-only (no carbon fibre) + 5 wt% (CuHAp:CaHAp 75:25),21,0.25,1.25,5.368694319173396,6.386,29.01,4,1.3445,6.453599999999999,6.453599999999999e-12,published_experimental_result,volume_per_energy,measured_columns+derived_conditions,10.17632/sdz48p9j5m.1,https://data.mendeley.com/datasets/sdz48p9j5m/1,worksheet 'N2-5%_NoCF',xlsx_parse_via_openpyxl,2026-09-13,CC BY 4.0,1 (10^6 µm³/J) = 1e-12 m³/J；效率是体积效率，不可反推局部深度,False,FLAG: cutting used a SEPARATE 24 µm optical system; must NOT be merged with the efficiency dataset.
D04-N2-5%_NoCF-22,D04,N2-5%_NoCF,resin-only (no carbon fibre) + 5 wt% (CuHAp:CaHAp 75:25),22,0.2,1.0,4.294955455338717,7.554,28.55,4,0.48924999999999996,2.9354999999999993,2.9354999999999994e-12,published_experimental_result,volume_per_energy,measured_columns+derived_conditions,10.17632/sdz48p9j5m.1,https://data.mendeley.com/datasets/sdz48p9j5m/1,worksheet 'N2-5%_NoCF',xlsx_parse_via_openpyxl,2026-09-13,CC BY 4.0,1 (10^6 µm³/J) = 1e-12 m³/J；效率是体积效率，不可反推局部深度,False,FLAG: cutting used a SEPARATE 24 µm optical system; must NOT be merged with the efficiency dataset.
D04-N2-5%_NoCF-23,D04,N2-5%_NoCF,resin-only (no carbon fibre) + 5 wt% (CuHAp:CaHAp 75:25),23,0.15000000000000002,0.7500000000000001,3.2212165915040383,6.622,29.88,4,0.0,0.0,0.0,published_experimental_result,volume_per_energy,measured_columns+derived_conditions,10.17632/sdz48p9j5m.1,https://data.mendeley.com/datasets/sdz48p9j5m/1,worksheet 'N2-5%_NoCF',xlsx_parse_via_openpyxl,2026-09-13,CC BY 4.0,1 (10^6 µm³/J) = 1e-12 m³/J；效率是体积效率，不可反推局部深度,False,FLAG: cutting used a SEPARATE 24 µm optical system; must NOT be merged with the efficiency dataset.
D04-N2-5%_NoCF-24,D04,N2-5%_NoCF,resin-only (no carbon fibre) + 5 wt% (CuHAp:CaHAp 75:25),24,0.1,0.5,2.1474777276693584,6.76,30.46,4,0.0,0.0,0.0,published_experimental_result,volume_per_energy,measured_columns+derived_conditions,10.17632/sdz48p9j5m.1,https://data.mendeley.com/datasets/sdz48p9j5m/1,worksheet 'N2-5%_NoCF',xlsx_parse_via_openpyxl,2026-09-13,CC BY 4.0,1 (10^6 µm³/J) = 1e-12 m³/J；效率是体积效率，不可反推局部深度,False,FLAG: cutting used a SEPARATE 24 µm optical system; must NOT be merged with the efficiency dataset.
D04-N3-5%-2,D04,N3-5%,CFRP + 5 wt% (CuHAp:CaHAp 50:50),2,1.4000000000000001,7.0,30.06468818737102,4.356,18.952,4,4.6065000000000005,3.9484285714285714,3.948428571428571e-12,published_experimental_result,volume_per_energy,measured_columns+derived_conditions,10.17632/sdz48p9j5m.1,https://data.mendeley.com/datasets/sdz48p9j5m/1,worksheet 'N3-5%',xlsx_parse_via_openpyxl,2026-09-13,CC BY 4.0,1 (10^6 µm³/J) = 1e-12 m³/J；效率是体积效率，不可反推局部深度,False,FLAG: cutting used a SEPARATE 24 µm optical system; must NOT be merged with the efficiency dataset.
D04-N3-5%-3,D04,N3-5%,CFRP + 5 wt% (CuHAp:CaHAp 50:50),3,1.3,6.5,27.917210459701657,3.478,13.875,4,4.69775,4.336384615384615,4.336384615384615e-12,published_experimental_result,volume_per_energy,measured_columns+derived_conditions,10.17632/sdz48p9j5m.1,https://data.mendeley.com/datasets/sdz48p9j5m/1,worksheet 'N3-5%',xlsx_parse_via_openpyxl,2026-09-13,CC BY 4.0,1 (10^6 µm³/J) = 1e-12 m³/J；效率是体积效率，不可反推局部深度,False,FLAG: cutting used a SEPARATE 24 µm optical system; must NOT be merged with the efficiency dataset.
D04-N3-5%-4,D04,N3-5%,CFRP + 5 wt% (CuHAp:CaHAp 50:50),4,1.2000000000000002,6.000000000000001,25.769732732032306,5.519,25.511,4,3.85725,3.857249999999999,3.857249999999999e-12,published_experimental_result,volume_per_energy,measured_columns+derived_conditions,10.17632/sdz48p9j5m.1,https://data.mendeley.com/datasets/sdz48p9j5m/1,worksheet 'N3-5%',xlsx_parse_via_openpyxl,2026-09-13,CC BY 4.0,1 (10^6 µm³/J) = 1e-12 m³/J；效率是体积效率，不可反推局部深度,False,FLAG: cutting used a SEPARATE 24 µm optical system; must NOT be merged with the efficiency dataset.
D04-N3-5%-5,D04,N3-5%,CFRP + 5 wt% (CuHAp:CaHAp 50:50),5,1.1,5.5,23.62225500436294,5.09,21.78,4,4.21175,4.594636363636363,4.594636363636363e-12,published_experimental_result,volume_per_energy,measured_columns+derived_conditions,10.17632/sdz48p9j5m.1,https://data.mendeley.com/datasets/sdz48p9j5m/1,worksheet 'N3-5%',xlsx_parse_via_openpyxl,2026-09-13,CC BY 4.0,1 (10^6 µm³/J) = 1e-12 m³/J；效率是体积效率，不可反推局部深度,False,FLAG: cutting used a SEPARATE 24 µm optical system; must NOT be merged with the efficiency dataset.
D04-N3-5%-6,D04,N3-5%,CFRP + 5 wt% (CuHAp:CaHAp 50:50),6,1.0,5.0,21.474777276693583,4.7,16.245,4,3.4705,4.164599999999999,4.1645999999999994e-12,published_experimental_result,volume_per_energy,measured_columns+derived_conditions,10.17632/sdz48p9j5m.1,https://data.mendeley.com/datasets/sdz48p9j5m/1,worksheet 'N3-5%',xlsx_parse_via_openpyxl,2026-09-13,CC BY 4.0,1 (10^6 µm³/J) = 1e-12 m³/J；效率是体积效率，不可反推局部深度,False,FLAG: cutting used a SEPARATE 24 µm optical system; must NOT be merged with the efficiency dataset.
D04-N3-5%-7,D04,N3-5%,CFRP + 5 wt% (CuHAp:CaHAp 50:50),7,0.9500000000000001,4.75,20.401038412858902,4.559,19.643,4,3.3209999999999997,4.194947368421052,4.1949473684210514e-12,published_experimental_result,volume_per_energy,measured_columns+derived_conditions,10.17632/sdz48p9j5m.1,https://data.mendeley.com/datasets/sdz48p9j5m/1,worksheet 'N3-5%',xlsx_parse_via_openpyxl,2026-09-13,CC BY 4.0,1 (10^6 µm³/J) = 1e-12 m³/J；效率是体积效率，不可反推局部深度,False,FLAG: cutting used a SEPARATE 24 µm optical system; must NOT be merged with the efficiency dataset.
D04-N3-5%-8,D04,N3-5%,CFRP + 5 wt% (CuHAp:CaHAp 50:50),8,0.9,4.5,19.327299549024225,4.442,19.082,4,3.6525000000000003,4.87,4.87e-12,published_experimental_result,volume_per_energy,measured_columns+derived_conditions,10.17632/sdz48p9j5m.1,https://data.mendeley.com/datasets/sdz48p9j5m/1,worksheet 'N3-5%',xlsx_parse_via_openpyxl,2026-09-13,CC BY 4.0,1 (10^6 µm³/J) = 1e-12 m³/J；效率是体积效率，不可反推局部深度,False,FLAG: cutting used a SEPARATE 24 µm optical system; must NOT be merged with the efficiency dataset.
D04-N3-5%-9,D04,N3-5%,CFRP + 5 wt% (CuHAp:CaHAp 50:50),9,0.8500000000000001,4.25,18.253560685189548,3.064,12.453,4,3.0145,4.255764705882353,4.255764705882352e-12,published_experimental_result,volume_per_energy,measured_columns+derived_conditions,10.17632/sdz48p9j5m.1,https://data.mendeley.com/datasets/sdz48p9j5m/1,worksheet 'N3-5%',xlsx_parse_via_openpyxl,2026-09-13,CC BY 4.0,1 (10^6 µm³/J) = 1e-12 m³/J；效率是体积效率，不可反推局部深度,False,FLAG: cutting used a SEPARATE 24 µm optical system; must NOT be merged with the efficiency dataset.
D04-N3-5%-10,D04,N3-5%,CFRP + 5 wt% (CuHAp:CaHAp 50:50),10,0.8,4.0,17.179821821354867,3.916,16.251,4,3.0465,4.569749999999999,4.569749999999999e-12,published_experimental_result,volume_per_energy,measured_columns+derived_conditions,10.17632/sdz48p9j5m.1,https://data.mendeley.com/datasets/sdz48p9j5m/1,worksheet 'N3-5%',xlsx_parse_via_openpyxl,2026-09-13,CC BY 4.0,1 (10^6 µm³/J) = 1e-12 m³/J；效率是体积效率，不可反推局部深度,False,FLAG: cutting used a SEPARATE 24 µm optical system; must NOT be merged with the efficiency dataset.
D04-N3-5%-11,D04,N3-5%,CFRP + 5 wt% (CuHAp:CaHAp 50:50),11,0.75,3.75,16.106082957520186,4.503,18.568,4,2.8770000000000002,4.603199999999999,4.603199999999999e-12,published_experimental_result,volume_per_energy,measured_columns+derived_conditions,10.17632/sdz48p9j5m.1,https://data.mendeley.com/datasets/sdz48p9j5m/1,worksheet 'N3-5%',xlsx_parse_via_openpyxl,2026-09-13,CC BY 4.0,1 (10^6 µm³/J) = 1e-12 m³/J；效率是体积效率，不可反推局部深度,False,FLAG: cutting used a SEPARATE 24 µm optical system; must NOT be merged with the efficiency dataset.
D04-N3-5%-12,D04,N3-5%,CFRP + 5 wt% (CuHAp:CaHAp 50:50),12,0.7000000000000001,3.5,15.03234409368551,3.946,17.413,4,2.5932500000000003,4.445571428571429,4.445571428571429e-12,published_experimental_result,volume_per_energy,measured_columns+derived_conditions,10.17632/sdz48p9j5m.1,https://data.mendeley.com/datasets/sdz48p9j5m/1,worksheet 'N3-5%',xlsx_parse_via_openpyxl,2026-09-13,CC BY 4.0,1 (10^6 µm³/J) = 1e-12 m³/J；效率是体积效率，不可反推局部深度,False,FLAG: cutting used a SEPARATE 24 µm optical system; must NOT be merged with the efficiency dataset.
D04-N3-5%-13,D04,N3-5%,CFRP + 5 wt% (CuHAp:CaHAp 50:50),13,0.65,3.25,13.958605229850829,4.117,18.342,4,2.778,5.128615384615384,5.128615384615384e-12,published_experimental_result,volume_per_energy,measured_columns+derived_conditions,10.17632/sdz48p9j5m.1,https://data.mendeley.com/datasets/sdz48p9j5m/1,worksheet 'N3-5%',xlsx_parse_via_openpyxl,2026-09-13,CC BY 4.0,1 (10^6 µm³/J) = 1e-12 m³/J；效率是体积效率，不可反推局部深度,False,FLAG: cutting used a SEPARATE 24 µm optical system; must NOT be merged with the efficiency dataset.
D04-N3-5%-14,D04,N3-5%,CFRP + 5 wt% (CuHAp:CaHAp 50:50),14,0.6000000000000001,3.0000000000000004,12.884866366016153,4.731,18.925,4,2.15325,4.306499999999999,4.306499999999999e-12,published_experimental_result,volume_per_energy,measured_columns+derived_conditions,10.17632/sdz48p9j5m.1,https://data.mendeley.com/datasets/sdz48p9j5m/1,worksheet 'N3-5%',xlsx_parse_via_openpyxl,2026-09-13,CC BY 4.0,1 (10^6 µm³/J) = 1e-12 m³/J；效率是体积效率，不可反推局部深度,False,FLAG: cutting used a SEPARATE 24 µm optical system; must NOT be merged with the efficiency dataset.
D04-N3-5%-15,D04,N3-5%,CFRP + 5 wt% (CuHAp:CaHAp 50:50),15,0.55,2.75,11.81112750218147,4.121,17.914,4,2.4295,5.300727272727272,5.300727272727272e-12,published_experimental_result,volume_per_energy,measured_columns+derived_conditions,10.17632/sdz48p9j5m.1,https://data.mendeley.com/datasets/sdz48p9j5m/1,worksheet 'N3-5%',xlsx_parse_via_openpyxl,2026-09-13,CC BY 4.0,1 (10^6 µm³/J) = 1e-12 m³/J；效率是体积效率，不可反推局部深度,False,FLAG: cutting used a SEPARATE 24 µm optical system; must NOT be merged with the efficiency dataset.
D04-N3-5%-16,D04,N3-5%,CFRP + 5 wt% (CuHAp:CaHAp 50:50),16,0.5,2.5,10.737388638346792,3.878,16.466,4,2.0995,5.038799999999999,5.038799999999999e-12,published_experimental_result,volume_per_energy,measured_columns+derived_conditions,10.17632/sdz48p9j5m.1,https://data.mendeley.com/datasets/sdz48p9j5m/1,worksheet 'N3-5%',xlsx_parse_via_openpyxl,2026-09-13,CC BY 4.0,1 (10^6 µm³/J) = 1e-12 m³/J；效率是体积效率，不可反推局部深度,False,FLAG: cutting used a SEPARATE 24 µm optical system; must NOT be merged with the efficiency dataset.
D04-N3-5%-17,D04,N3-5%,CFRP + 5 wt% (CuHAp:CaHAp 50:50),17,0.45,2.25,9.663649774512113,3.624,13.255,4,1.8045,4.811999999999999,4.811999999999999e-12,published_experimental_result,volume_per_energy,measured_columns+derived_conditions,10.17632/sdz48p9j5m.1,https://data.mendeley.com/datasets/sdz48p9j5m/1,worksheet 'N3-5%',xlsx_parse_via_openpyxl,2026-09-13,CC BY 4.0,1 (10^6 µm³/J) = 1e-12 m³/J；效率是体积效率，不可反推局部深度,False,FLAG: cutting used a SEPARATE 24 µm optical system; must NOT be merged with the efficiency dataset.
D04-N3-5%-18,D04,N3-5%,CFRP + 5 wt% (CuHAp:CaHAp 50:50),18,0.4,2.0,8.589910910677434,3.749,15.211,4,1.7652499999999998,5.295749999999999,5.295749999999999e-12,published_experimental_result,volume_per_energy,measured_columns+derived_conditions,10.17632/sdz48p9j5m.1,https://data.mendeley.com/datasets/sdz48p9j5m/1,worksheet 'N3-5%',xlsx_parse_via_openpyxl,2026-09-13,CC BY 4.0,1 (10^6 µm³/J) = 1e-12 m³/J；效率是体积效率，不可反推局部深度,False,FLAG: cutting used a SEPARATE 24 µm optical system; must NOT be merged with the efficiency dataset.
D04-N3-5%-19,D04,N3-5%,CFRP + 5 wt% (CuHAp:CaHAp 50:50),19,0.35000000000000003,1.75,7.516172046842755,2.868,11.371,4,1.47425,5.054571428571428,5.054571428571428e-12,published_experimental_result,volume_per_energy,measured_columns+derived_conditions,10.17632/sdz48p9j5m.1,https://data.mendeley.com/datasets/sdz48p9j5m/1,worksheet 'N3-5%',xlsx_parse_via_openpyxl,2026-09-13,CC BY 4.0,1 (10^6 µm³/J) = 1e-12 m³/J；效率是体积效率，不可反推局部深度,False,FLAG: cutting used a SEPARATE 24 µm optical system; must NOT be merged with the efficiency dataset.
D04-N3-5%-20,D04,N3-5%,CFRP + 5 wt% (CuHAp:CaHAp 50:50),20,0.30000000000000004,1.5000000000000002,6.4424331830080765,3.641,16.249,4,1.3682500000000002,5.473,5.473e-12,published_experimental_result,volume_per_energy,measured_columns+derived_conditions,10.17632/sdz48p9j5m.1,https://data.mendeley.com/datasets/sdz48p9j5m/1,worksheet 'N3-5%',xlsx_parse_via_openpyxl,2026-09-13,CC BY 4.0,1 (10^6 µm³/J) = 1e-12 m³/J；效率是体积效率，不可反推局部深度,False,FLAG: cutting used a SEPARATE 24 µm optical system; must NOT be merged with the efficiency dataset.
D04-N3-5%-21,D04,N3-5%,CFRP + 5 wt% (CuHAp:CaHAp 50:50),21,0.25,1.25,5.368694319173396,3.959,17.053,4,1.1284999999999998,5.4167999999999985,5.4167999999999985e-12,published_experimental_result,volume_per_energy,measured_columns+derived_conditions,10.17632/sdz48p9j5m.1,https://data.mendeley.com/datasets/sdz48p9j5m/1,worksheet 'N3-5%',xlsx_parse_via_openpyxl,2026-09-13,CC BY 4.0,1 (10^6 µm³/J) = 1e-12 m³/J；效率是体积效率，不可反推局部深度,False,FLAG: cutting used a SEPARATE 24 µm optical system; must NOT be merged with the efficiency dataset.
D04-N3-5%-22,D04,N3-5%,CFRP + 5 wt% (CuHAp:CaHAp 50:50),22,0.2,1.0,4.294955455338717,2.1,8.0964,4,0.809925,4.85955,4.8595499999999994e-12,published_experimental_result,volume_per_energy,measured_columns+derived_conditions,10.17632/sdz48p9j5m.1,https://data.mendeley.com/datasets/sdz48p9j5m/1,worksheet 'N3-5%',xlsx_parse_via_openpyxl,2026-09-13,CC BY 4.0,1 (10^6 µm³/J) = 1e-12 m³/J；效率是体积效率，不可反推局部深度,False,FLAG: cutting used a SEPARATE 24 µm optical system; must NOT be merged with the efficiency dataset.
D04-N3-5%-23,D04,N3-5%,CFRP + 5 wt% (CuHAp:CaHAp 50:50),23,0.15000000000000002,0.7500000000000001,3.2212165915040383,3.487,14.236,4,0.0,0.0,0.0,published_experimental_result,volume_per_energy,measured_columns+derived_conditions,10.17632/sdz48p9j5m.1,https://data.mendeley.com/datasets/sdz48p9j5m/1,worksheet 'N3-5%',xlsx_parse_via_openpyxl,2026-09-13,CC BY 4.0,1 (10^6 µm³/J) = 1e-12 m³/J；效率是体积效率，不可反推局部深度,False,FLAG: cutting used a SEPARATE 24 µm optical system; must NOT be merged with the efficiency dataset.
D04-N3-5%-24,D04,N3-5%,CFRP + 5 wt% (CuHAp:CaHAp 50:50),24,0.1,0.5,2.1474777276693584,3.738,15.146,4,0.0,0.0,0.0,published_experimental_result,volume_per_energy,measured_columns+derived_conditions,10.17632/sdz48p9j5m.1,https://data.mendeley.com/datasets/sdz48p9j5m/1,worksheet 'N3-5%',xlsx_parse_via_openpyxl,2026-09-13,CC BY 4.0,1 (10^6 µm³/J) = 1e-12 m³/J；效率是体积效率，不可反推局部深度,False,FLAG: cutting used a SEPARATE 24 µm optical system; must NOT be merged with the efficiency dataset.
D04-N3-5%_NoCF-2,D04,N3-5%_NoCF,resin-only (no carbon fibre) + 5 wt% (CuHAp:CaHAp 50:50),2,1.4000000000000001,7.0,30.06468818737102,4.712,18.849,4,4.699,4.027714285714286,4.0277142857142855e-12,published_experimental_result,volume_per_energy,measured_columns+derived_conditions,10.17632/sdz48p9j5m.1,https://data.mendeley.com/datasets/sdz48p9j5m/1,worksheet 'N3-5%_NoCF',xlsx_parse_via_openpyxl,2026-09-13,CC BY 4.0,1 (10^6 µm³/J) = 1e-12 m³/J；效率是体积效率，不可反推局部深度,False,FLAG: cutting used a SEPARATE 24 µm optical system; must NOT be merged with the efficiency dataset.
D04-N3-5%_NoCF-3,D04,N3-5%_NoCF,resin-only (no carbon fibre) + 5 wt% (CuHAp:CaHAp 50:50),3,1.3,6.5,27.917210459701657,4.65,18.599,4,4.99525,4.611,4.611e-12,published_experimental_result,volume_per_energy,measured_columns+derived_conditions,10.17632/sdz48p9j5m.1,https://data.mendeley.com/datasets/sdz48p9j5m/1,worksheet 'N3-5%_NoCF',xlsx_parse_via_openpyxl,2026-09-13,CC BY 4.0,1 (10^6 µm³/J) = 1e-12 m³/J；效率是体积效率，不可反推局部深度,False,FLAG: cutting used a SEPARATE 24 µm optical system; must NOT be merged with the efficiency dataset.
D04-N3-5%_NoCF-4,D04,N3-5%_NoCF,resin-only (no carbon fibre) + 5 wt% (CuHAp:CaHAp 50:50),4,1.2000000000000002,6.000000000000001,25.769732732032306,4.842,19.369,4,5.238,5.2379999999999995,5.237999999999999e-12,published_experimental_result,volume_per_energy,measured_columns+derived_conditions,10.17632/sdz48p9j5m.1,https://data.mendeley.com/datasets/sdz48p9j5m/1,worksheet 'N3-5%_NoCF',xlsx_parse_via_openpyxl,2026-09-13,CC BY 4.0,1 (10^6 µm³/J) = 1e-12 m³/J；效率是体积效率，不可反推局部深度,False,FLAG: cutting used a SEPARATE 24 µm optical system; must NOT be merged with the efficiency dataset.
D04-N3-5%_NoCF-5,D04,N3-5%_NoCF,resin-only (no carbon fibre) + 5 wt% (CuHAp:CaHAp 50:50),5,1.1,5.5,23.62225500436294,5.166,20.662,4,5.2540000000000004,5.731636363636364,5.7316363636363635e-12,published_experimental_result,volume_per_energy,measured_columns+derived_conditions,10.17632/sdz48p9j5m.1,https://data.mendeley.com/datasets/sdz48p9j5m/1,worksheet 'N3-5%_NoCF',xlsx_parse_via_openpyxl,2026-09-13,CC BY 4.0,1 (10^6 µm³/J) = 1e-12 m³/J；效率是体积效率，不可反推局部深度,False,FLAG: cutting used a SEPARATE 24 µm optical system; must NOT be merged with the efficiency dataset.
D04-N3-5%_NoCF-6,D04,N3-5%_NoCF,resin-only (no carbon fibre) + 5 wt% (CuHAp:CaHAp 50:50),6,1.0,5.0,21.474777276693583,4.998,19.992,4,5.3115,6.373799999999998,6.3737999999999985e-12,published_experimental_result,volume_per_energy,measured_columns+derived_conditions,10.17632/sdz48p9j5m.1,https://data.mendeley.com/datasets/sdz48p9j5m/1,worksheet 'N3-5%_NoCF',xlsx_parse_via_openpyxl,2026-09-13,CC BY 4.0,1 (10^6 µm³/J) = 1e-12 m³/J；效率是体积效率，不可反推局部深度,False,FLAG: cutting used a SEPARATE 24 µm optical system; must NOT be merged with the efficiency dataset.
D04-N3-5%_NoCF-7,D04,N3-5%_NoCF,resin-only (no carbon fibre) + 5 wt% (CuHAp:CaHAp 50:50),7,0.9500000000000001,4.75,20.401038412858902,5.041,20.162,4,5.8717500000000005,7.416947368421052,7.416947368421053e-12,published_experimental_result,volume_per_energy,measured_columns+derived_conditions,10.17632/sdz48p9j5m.1,https://data.mendeley.com/datasets/sdz48p9j5m/1,worksheet 'N3-5%_NoCF',xlsx_parse_via_openpyxl,2026-09-13,CC BY 4.0,1 (10^6 µm³/J) = 1e-12 m³/J；效率是体积效率，不可反推局部深度,False,FLAG: cutting used a SEPARATE 24 µm optical system; must NOT be merged with the efficiency dataset.
D04-N3-5%_NoCF-8,D04,N3-5%_NoCF,resin-only (no carbon fibre) + 5 wt% (CuHAp:CaHAp 50:50),8,0.9,4.5,19.327299549024225,4.776,19.102,4,6.307499999999999,8.409999999999998,8.409999999999998e-12,published_experimental_result,volume_per_energy,measured_columns+derived_conditions,10.17632/sdz48p9j5m.1,https://data.mendeley.com/datasets/sdz48p9j5m/1,worksheet 'N3-5%_NoCF',xlsx_parse_via_openpyxl,2026-09-13,CC BY 4.0,1 (10^6 µm³/J) = 1e-12 m³/J；效率是体积效率，不可反推局部深度,False,FLAG: cutting used a SEPARATE 24 µm optical system; must NOT be merged with the efficiency dataset.
D04-N3-5%_NoCF-9,D04,N3-5%_NoCF,resin-only (no carbon fibre) + 5 wt% (CuHAp:CaHAp 50:50),9,0.8500000000000001,4.25,18.253560685189548,4.929,19.716,4,6.579000000000001,9.288,9.288e-12,published_experimental_result,volume_per_energy,measured_columns+derived_conditions,10.17632/sdz48p9j5m.1,https://data.mendeley.com/datasets/sdz48p9j5m/1,worksheet 'N3-5%_NoCF',xlsx_parse_via_openpyxl,2026-09-13,CC BY 4.0,1 (10^6 µm³/J) = 1e-12 m³/J；效率是体积效率，不可反推局部深度,False,FLAG: cutting used a SEPARATE 24 µm optical system; must NOT be merged with the efficiency dataset.
D04-N3-5%_NoCF-10,D04,N3-5%_NoCF,resin-only (no carbon fibre) + 5 wt% (CuHAp:CaHAp 50:50),10,0.8,4.0,17.179821821354867,5.301,21.206,4,6.528250000000001,9.792375,9.792375e-12,published_experimental_result,volume_per_energy,measured_columns+derived_conditions,10.17632/sdz48p9j5m.1,https://data.mendeley.com/datasets/sdz48p9j5m/1,worksheet 'N3-5%_NoCF',xlsx_parse_via_openpyxl,2026-09-13,CC BY 4.0,1 (10^6 µm³/J) = 1e-12 m³/J；效率是体积效率，不可反推局部深度,False,FLAG: cutting used a SEPARATE 24 µm optical system; must NOT be merged with the efficiency dataset.
D04-N3-5%_NoCF-11,D04,N3-5%_NoCF,resin-only (no carbon fibre) + 5 wt% (CuHAp:CaHAp 50:50),11,0.75,3.75,16.106082957520186,5.291,21.166,4,6.539000000000001,10.462399999999999,1.0462399999999998e-11,published_experimental_result,volume_per_energy,measured_columns+derived_conditions,10.17632/sdz48p9j5m.1,https://data.mendeley.com/datasets/sdz48p9j5m/1,worksheet 'N3-5%_NoCF',xlsx_parse_via_openpyxl,2026-09-13,CC BY 4.0,1 (10^6 µm³/J) = 1e-12 m³/J；效率是体积效率，不可反推局部深度,False,FLAG: cutting used a SEPARATE 24 µm optical system; must NOT be merged with the efficiency dataset.
D04-N3-5%_NoCF-12,D04,N3-5%_NoCF,resin-only (no carbon fibre) + 5 wt% (CuHAp:CaHAp 50:50),12,0.7000000000000001,3.5,15.03234409368551,5.431,21.726,4,6.21425,10.652999999999999,1.0652999999999998e-11,published_experimental_result,volume_per_energy,measured_columns+derived_conditions,10.17632/sdz48p9j5m.1,https://data.mendeley.com/datasets/sdz48p9j5m/1,worksheet 'N3-5%_NoCF',xlsx_parse_via_openpyxl,2026-09-13,CC BY 4.0,1 (10^6 µm³/J) = 1e-12 m³/J；效率是体积效率，不可反推局部深度,False,FLAG: cutting used a SEPARATE 24 µm optical system; must NOT be merged with the efficiency dataset.
D04-N3-5%_NoCF-13,D04,N3-5%_NoCF,resin-only (no carbon fibre) + 5 wt% (CuHAp:CaHAp 50:50),13,0.65,3.25,13.958605229850829,5.57,22.278,4,5.864,10.825846153846152,1.0825846153846152e-11,published_experimental_result,volume_per_energy,measured_columns+derived_conditions,10.17632/sdz48p9j5m.1,https://data.mendeley.com/datasets/sdz48p9j5m/1,worksheet 'N3-5%_NoCF',xlsx_parse_via_openpyxl,2026-09-13,CC BY 4.0,1 (10^6 µm³/J) = 1e-12 m³/J；效率是体积效率，不可反推局部深度,False,FLAG: cutting used a SEPARATE 24 µm optical system; must NOT be merged with the efficiency dataset.
D04-N3-5%_NoCF-14,D04,N3-5%_NoCF,resin-only (no carbon fibre) + 5 wt% (CuHAp:CaHAp 50:50),14,0.6000000000000001,3.0000000000000004,12.884866366016153,5.167,20.668,4,5.45825,10.916499999999997,1.0916499999999997e-11,published_experimental_result,volume_per_energy,measured_columns+derived_conditions,10.17632/sdz48p9j5m.1,https://data.mendeley.com/datasets/sdz48p9j5m/1,worksheet 'N3-5%_NoCF',xlsx_parse_via_openpyxl,2026-09-13,CC BY 4.0,1 (10^6 µm³/J) = 1e-12 m³/J；效率是体积效率，不可反推局部深度,False,FLAG: cutting used a SEPARATE 24 µm optical system; must NOT be merged with the efficiency dataset.
D04-N3-5%_NoCF-15,D04,N3-5%_NoCF,resin-only (no carbon fibre) + 5 wt% (CuHAp:CaHAp 50:50),15,0.55,2.75,11.81112750218147,5.307,21.228,4,5.474,11.943272727272726,1.1943272727272725e-11,published_experimental_result,volume_per_energy,measured_columns+derived_conditions,10.17632/sdz48p9j5m.1,https://data.mendeley.com/datasets/sdz48p9j5m/1,worksheet 'N3-5%_NoCF',xlsx_parse_via_openpyxl,2026-09-13,CC BY 4.0,1 (10^6 µm³/J) = 1e-12 m³/J；效率是体积效率，不可反推局部深度,False,FLAG: cutting used a SEPARATE 24 µm optical system; must NOT be merged with the efficiency dataset.
D04-N3-5%_NoCF-16,D04,N3-5%_NoCF,resin-only (no carbon fibre) + 5 wt% (CuHAp:CaHAp 50:50),16,0.5,2.5,10.737388638346792,4.972,19.888,4,5.25525,12.612599999999999,1.2612599999999999e-11,published_experimental_result,volume_per_energy,measured_columns+derived_conditions,10.17632/sdz48p9j5m.1,https://data.mendeley.com/datasets/sdz48p9j5m/1,worksheet 'N3-5%_NoCF',xlsx_parse_via_openpyxl,2026-09-13,CC BY 4.0,1 (10^6 µm³/J) = 1e-12 m³/J；效率是体积效率，不可反推局部深度,False,FLAG: cutting used a SEPARATE 24 µm optical system; must NOT be merged with the efficiency dataset.
D04-N3-5%_NoCF-17,D04,N3-5%_NoCF,resin-only (no carbon fibre) + 5 wt% (CuHAp:CaHAp 50:50),17,0.45,2.25,9.663649774512113,4.806,19.222,4,4.8715,12.990666666666666,1.2990666666666666e-11,published_experimental_result,volume_per_energy,measured_columns+derived_conditions,10.17632/sdz48p9j5m.1,https://data.mendeley.com/datasets/sdz48p9j5m/1,worksheet 'N3-5%_NoCF',xlsx_parse_via_openpyxl,2026-09-13,CC BY 4.0,1 (10^6 µm³/J) = 1e-12 m³/J；效率是体积效率，不可反推局部深度,False,FLAG: cutting used a SEPARATE 24 µm optical system; must NOT be merged with the efficiency dataset.
D04-N3-5%_NoCF-18,D04,N3-5%_NoCF,resin-only (no carbon fibre) + 5 wt% (CuHAp:CaHAp 50:50),18,0.4,2.0,8.589910910677434,5.271,21.082,4,4.06525,12.195749999999999,1.2195749999999998e-11,published_experimental_result,volume_per_energy,measured_columns+derived_conditions,10.17632/sdz48p9j5m.1,https://data.mendeley.com/datasets/sdz48p9j5m/1,worksheet 'N3-5%_NoCF',xlsx_parse_via_openpyxl,2026-09-13,CC BY 4.0,1 (10^6 µm³/J) = 1e-12 m³/J；效率是体积效率，不可反推局部深度,False,FLAG: cutting used a SEPARATE 24 µm optical system; must NOT be merged with the efficiency dataset.
D04-N3-5%_NoCF-19,D04,N3-5%_NoCF,resin-only (no carbon fibre) + 5 wt% (CuHAp:CaHAp 50:50),19,0.35000000000000003,1.75,7.516172046842755,5.693,22.772,4,3.2319999999999998,11.081142857142856,1.1081142857142856e-11,published_experimental_result,volume_per_energy,measured_columns+derived_conditions,10.17632/sdz48p9j5m.1,https://data.mendeley.com/datasets/sdz48p9j5m/1,worksheet 'N3-5%_NoCF',xlsx_parse_via_openpyxl,2026-09-13,CC BY 4.0,1 (10^6 µm³/J) = 1e-12 m³/J；效率是体积效率，不可反推局部深度,False,FLAG: cutting used a SEPARATE 24 µm optical system; must NOT be merged with the efficiency dataset.
D04-N3-5%_NoCF-20,D04,N3-5%_NoCF,resin-only (no carbon fibre) + 5 wt% (CuHAp:CaHAp 50:50),20,0.30000000000000004,1.5000000000000002,6.4424331830080765,5.476,21.902,4,2.0995,8.397999999999998,8.397999999999997e-12,published_experimental_result,volume_per_energy,measured_columns+derived_conditions,10.17632/sdz48p9j5m.1,https://data.mendeley.com/datasets/sdz48p9j5m/1,worksheet 'N3-5%_NoCF',xlsx_parse_via_openpyxl,2026-09-13,CC BY 4.0,1 (10^6 µm³/J) = 1e-12 m³/J；效率是体积效率，不可反推局部深度,False,FLAG: cutting used a SEPARATE 24 µm optical system; must NOT be merged with the efficiency dataset.
D04-N3-5%_NoCF-21,D04,N3-5%_NoCF,resin-only (no carbon fibre) + 5 wt% (CuHAp:CaHAp 50:50),21,0.25,1.25,5.368694319173396,6.207,24.827,4,1.366,6.556799999999999,6.556799999999999e-12,published_experimental_result,volume_per_energy,measured_columns+derived_conditions,10.17632/sdz48p9j5m.1,https://data.mendeley.com/datasets/sdz48p9j5m/1,worksheet 'N3-5%_NoCF',xlsx_parse_via_openpyxl,2026-09-13,CC BY 4.0,1 (10^6 µm³/J) = 1e-12 m³/J；效率是体积效率，不可反推局部深度,False,FLAG: cutting used a SEPARATE 24 µm optical system; must NOT be merged with the efficiency dataset.
D04-N3-5%_NoCF-22,D04,N3-5%_NoCF,resin-only (no carbon fibre) + 5 wt% (CuHAp:CaHAp 50:50),22,0.2,1.0,4.294955455338717,6.177,24.707,4,0.0,0.0,0.0,published_experimental_result,volume_per_energy,measured_columns+derived_conditions,10.17632/sdz48p9j5m.1,https://data.mendeley.com/datasets/sdz48p9j5m/1,worksheet 'N3-5%_NoCF',xlsx_parse_via_openpyxl,2026-09-13,CC BY 4.0,1 (10^6 µm³/J) = 1e-12 m³/J；效率是体积效率，不可反推局部深度,False,FLAG: cutting used a SEPARATE 24 µm optical system; must NOT be merged with the efficiency dataset.
D04-N3-5%_NoCF-23,D04,N3-5%_NoCF,resin-only (no carbon fibre) + 5 wt% (CuHAp:CaHAp 50:50),23,0.15000000000000002,0.7500000000000001,3.2212165915040383,5.829,23.317,4,0.0,0.0,0.0,published_experimental_result,volume_per_energy,measured_columns+derived_conditions,10.17632/sdz48p9j5m.1,https://data.mendeley.com/datasets/sdz48p9j5m/1,worksheet 'N3-5%_NoCF',xlsx_parse_via_openpyxl,2026-09-13,CC BY 4.0,1 (10^6 µm³/J) = 1e-12 m³/J；效率是体积效率，不可反推局部深度,False,FLAG: cutting used a SEPARATE 24 µm optical system; must NOT be merged with the efficiency dataset.
D04-N3-5%_NoCF-24,D04,N3-5%_NoCF,resin-only (no carbon fibre) + 5 wt% (CuHAp:CaHAp 50:50),24,0.1,0.5,2.1474777276693584,5.274,21.097,4,0.0,0.0,0.0,published_experimental_result,volume_per_energy,measured_columns+derived_conditions,10.17632/sdz48p9j5m.1,https://data.mendeley.com/datasets/sdz48p9j5m/1,worksheet 'N3-5%_NoCF',xlsx_parse_via_openpyxl,2026-09-13,CC BY 4.0,1 (10^6 µm³/J) = 1e-12 m³/J；效率是体积效率，不可反推局部深度,False,FLAG: cutting used a SEPARATE 24 µm optical system; must NOT be merged with the efficiency dataset.
D04-CF+Epoxy-2,D04,CF+Epoxy,CFRP + neat epoxy (reference),2,1.4000000000000001,7.0,30.06468818737102,5.118,22.47,4,4.887,4.188857142857143,4.188857142857143e-12,published_experimental_result,volume_per_energy,measured_columns+derived_conditions,10.17632/sdz48p9j5m.1,https://data.mendeley.com/datasets/sdz48p9j5m/1,worksheet 'CF+Epoxy',xlsx_parse_via_openpyxl,2026-09-13,CC BY 4.0,1 (10^6 µm³/J) = 1e-12 m³/J；效率是体积效率，不可反推局部深度,False,FLAG: cutting used a SEPARATE 24 µm optical system; must NOT be merged with the efficiency dataset.
D04-CF+Epoxy-3,D04,CF+Epoxy,CFRP + neat epoxy (reference),3,1.3,6.5,27.917210459701657,5.516,22.83,4,3.298,3.044307692307692,3.044307692307692e-12,published_experimental_result,volume_per_energy,measured_columns+derived_conditions,10.17632/sdz48p9j5m.1,https://data.mendeley.com/datasets/sdz48p9j5m/1,worksheet 'CF+Epoxy',xlsx_parse_via_openpyxl,2026-09-13,CC BY 4.0,1 (10^6 µm³/J) = 1e-12 m³/J；效率是体积效率，不可反推局部深度,False,FLAG: cutting used a SEPARATE 24 µm optical system; must NOT be merged with the efficiency dataset.
D04-CF+Epoxy-4,D04,CF+Epoxy,CFRP + neat epoxy (reference),4,1.2000000000000002,6.000000000000001,25.769732732032306,5.646,22.57,4,3.442,3.4419999999999993,3.4419999999999993e-12,published_experimental_result,volume_per_energy,measured_columns+derived_conditions,10.17632/sdz48p9j5m.1,https://data.mendeley.com/datasets/sdz48p9j5m/1,worksheet 'CF+Epoxy',xlsx_parse_via_openpyxl,2026-09-13,CC BY 4.0,1 (10^6 µm³/J) = 1e-12 m³/J；效率是体积效率，不可反推局部深度,False,FLAG: cutting used a SEPARATE 24 µm optical system; must NOT be merged with the efficiency dataset.
D04-CF+Epoxy-5,D04,CF+Epoxy,CFRP + neat epoxy (reference),5,1.1,5.5,23.62225500436294,2.339,10.66,4,3.9619999999999997,4.322181818181818,4.322181818181818e-12,published_experimental_result,volume_per_energy,measured_columns+derived_conditions,10.17632/sdz48p9j5m.1,https://data.mendeley.com/datasets/sdz48p9j5m/1,worksheet 'CF+Epoxy',xlsx_parse_via_openpyxl,2026-09-13,CC BY 4.0,1 (10^6 µm³/J) = 1e-12 m³/J；效率是体积效率，不可反推局部深度,False,FLAG: cutting used a SEPARATE 24 µm optical system; must NOT be merged with the efficiency dataset.
D04-CF+Epoxy-6,D04,CF+Epoxy,CFRP + neat epoxy (reference),6,1.0,5.0,21.474777276693583,2.649,11.08,4,2.8267499999999997,3.392099999999999,3.392099999999999e-12,published_experimental_result,volume_per_energy,measured_columns+derived_conditions,10.17632/sdz48p9j5m.1,https://data.mendeley.com/datasets/sdz48p9j5m/1,worksheet 'CF+Epoxy',xlsx_parse_via_openpyxl,2026-09-13,CC BY 4.0,1 (10^6 µm³/J) = 1e-12 m³/J；效率是体积效率，不可反推局部深度,False,FLAG: cutting used a SEPARATE 24 µm optical system; must NOT be merged with the efficiency dataset.
D04-CF+Epoxy-7,D04,CF+Epoxy,CFRP + neat epoxy (reference),7,0.9500000000000001,4.75,20.401038412858902,5.346,22.55,4,2.9677499999999997,3.7487368421052625,3.7487368421052625e-12,published_experimental_result,volume_per_energy,measured_columns+derived_conditions,10.17632/sdz48p9j5m.1,https://data.mendeley.com/datasets/sdz48p9j5m/1,worksheet 'CF+Epoxy',xlsx_parse_via_openpyxl,2026-09-13,CC BY 4.0,1 (10^6 µm³/J) = 1e-12 m³/J；效率是体积效率，不可反推局部深度,False,FLAG: cutting used a SEPARATE 24 µm optical system; must NOT be merged with the efficiency dataset.
D04-CF+Epoxy-8,D04,CF+Epoxy,CFRP + neat epoxy (reference),8,0.9,4.5,19.327299549024225,2.858,13.0,4,3.5365,4.715333333333333,4.715333333333333e-12,published_experimental_result,volume_per_energy,measured_columns+derived_conditions,10.17632/sdz48p9j5m.1,https://data.mendeley.com/datasets/sdz48p9j5m/1,worksheet 'CF+Epoxy',xlsx_parse_via_openpyxl,2026-09-13,CC BY 4.0,1 (10^6 µm³/J) = 1e-12 m³/J；效率是体积效率，不可反推局部深度,False,FLAG: cutting used a SEPARATE 24 µm optical system; must NOT be merged with the efficiency dataset.
D04-CF+Epoxy-9,D04,CF+Epoxy,CFRP + neat epoxy (reference),9,0.8500000000000001,4.25,18.253560685189548,4.972,19.6,4,2.38525,3.3674117647058823,3.367411764705882e-12,published_experimental_result,volume_per_energy,measured_columns+derived_conditions,10.17632/sdz48p9j5m.1,https://data.mendeley.com/datasets/sdz48p9j5m/1,worksheet 'CF+Epoxy',xlsx_parse_via_openpyxl,2026-09-13,CC BY 4.0,1 (10^6 µm³/J) = 1e-12 m³/J；效率是体积效率，不可反推局部深度,False,FLAG: cutting used a SEPARATE 24 µm optical system; must NOT be merged with the efficiency dataset.
D04-CF+Epoxy-10,D04,CF+Epoxy,CFRP + neat epoxy (reference),10,0.8,4.0,17.179821821354867,3.698,15.58,4,2.7395,4.109249999999999,4.109249999999999e-12,published_experimental_result,volume_per_energy,measured_columns+derived_conditions,10.17632/sdz48p9j5m.1,https://data.mendeley.com/datasets/sdz48p9j5m/1,worksheet 'CF+Epoxy',xlsx_parse_via_openpyxl,2026-09-13,CC BY 4.0,1 (10^6 µm³/J) = 1e-12 m³/J；效率是体积效率，不可反推局部深度,False,FLAG: cutting used a SEPARATE 24 µm optical system; must NOT be merged with the efficiency dataset.
D04-CF+Epoxy-11,D04,CF+Epoxy,CFRP + neat epoxy (reference),11,0.75,3.75,16.106082957520186,2.125,9.43,4,2.93675,4.698799999999999,4.698799999999999e-12,published_experimental_result,volume_per_energy,measured_columns+derived_conditions,10.17632/sdz48p9j5m.1,https://data.mendeley.com/datasets/sdz48p9j5m/1,worksheet 'CF+Epoxy',xlsx_parse_via_openpyxl,2026-09-13,CC BY 4.0,1 (10^6 µm³/J) = 1e-12 m³/J；效率是体积效率，不可反推局部深度,False,FLAG: cutting used a SEPARATE 24 µm optical system; must NOT be merged with the efficiency dataset.
D04-CF+Epoxy-12,D04,CF+Epoxy,CFRP + neat epoxy (reference),12,0.7000000000000001,3.5,15.03234409368551,2.973,13.41,4,1.88425,3.230142857142857,3.230142857142857e-12,published_experimental_result,volume_per_energy,measured_columns+derived_conditions,10.17632/sdz48p9j5m.1,https://data.mendeley.com/datasets/sdz48p9j5m/1,worksheet 'CF+Epoxy',xlsx_parse_via_openpyxl,2026-09-13,CC BY 4.0,1 (10^6 µm³/J) = 1e-12 m³/J；效率是体积效率，不可反推局部深度,False,FLAG: cutting used a SEPARATE 24 µm optical system; must NOT be merged with the efficiency dataset.
D04-CF+Epoxy-13,D04,CF+Epoxy,CFRP + neat epoxy (reference),13,0.65,3.25,13.958605229850829,4.265,16.18,4,2.5157499999999997,4.644461538461537,4.644461538461537e-12,published_experimental_result,volume_per_energy,measured_columns+derived_conditions,10.17632/sdz48p9j5m.1,https://data.mendeley.com/datasets/sdz48p9j5m/1,worksheet 'CF+Epoxy',xlsx_parse_via_openpyxl,2026-09-13,CC BY 4.0,1 (10^6 µm³/J) = 1e-12 m³/J；效率是体积效率，不可反推局部深度,False,FLAG: cutting used a SEPARATE 24 µm optical system; must NOT be merged with the efficiency dataset.
D04-CF+Epoxy-14,D04,CF+Epoxy,CFRP + neat epoxy (reference),14,0.6000000000000001,3.0000000000000004,12.884866366016153,4.592,18.32,4,2.481,4.961999999999999,4.9619999999999984e-12,published_experimental_result,volume_per_energy,measured_columns+derived_conditions,10.17632/sdz48p9j5m.1,https://data.mendeley.com/datasets/sdz48p9j5m/1,worksheet 'CF+Epoxy',xlsx_parse_via_openpyxl,2026-09-13,CC BY 4.0,1 (10^6 µm³/J) = 1e-12 m³/J；效率是体积效率，不可反推局部深度,False,FLAG: cutting used a SEPARATE 24 µm optical system; must NOT be merged with the efficiency dataset.
D04-CF+Epoxy-15,D04,CF+Epoxy,CFRP + neat epoxy (reference),15,0.55,2.75,11.81112750218147,4.372,18.25,4,1.5779999999999998,3.4429090909090903,3.44290909090909e-12,published_experimental_result,volume_per_energy,measured_columns+derived_conditions,10.17632/sdz48p9j5m.1,https://data.mendeley.com/datasets/sdz48p9j5m/1,worksheet 'CF+Epoxy',xlsx_parse_via_openpyxl,2026-09-13,CC BY 4.0,1 (10^6 µm³/J) = 1e-12 m³/J；效率是体积效率，不可反推局部深度,False,FLAG: cutting used a SEPARATE 24 µm optical system; must NOT be merged with the efficiency dataset.
D04-CF+Epoxy-16,D04,CF+Epoxy,CFRP + neat epoxy (reference),16,0.5,2.5,10.737388638346792,2.619,13.35,4,2.05875,4.940999999999999,4.940999999999999e-12,published_experimental_result,volume_per_energy,measured_columns+derived_conditions,10.17632/sdz48p9j5m.1,https://data.mendeley.com/datasets/sdz48p9j5m/1,worksheet 'CF+Epoxy',xlsx_parse_via_openpyxl,2026-09-13,CC BY 4.0,1 (10^6 µm³/J) = 1e-12 m³/J；效率是体积效率，不可反推局部深度,False,FLAG: cutting used a SEPARATE 24 µm optical system; must NOT be merged with the efficiency dataset.
D04-CF+Epoxy-17,D04,CF+Epoxy,CFRP + neat epoxy (reference),17,0.45,2.25,9.663649774512113,3.209,12.25,4,1.8122500000000001,4.832666666666666,4.832666666666667e-12,published_experimental_result,volume_per_energy,measured_columns+derived_conditions,10.17632/sdz48p9j5m.1,https://data.mendeley.com/datasets/sdz48p9j5m/1,worksheet 'CF+Epoxy',xlsx_parse_via_openpyxl,2026-09-13,CC BY 4.0,1 (10^6 µm³/J) = 1e-12 m³/J；效率是体积效率，不可反推局部深度,False,FLAG: cutting used a SEPARATE 24 µm optical system; must NOT be merged with the efficiency dataset.
D04-CF+Epoxy-18,D04,CF+Epoxy,CFRP + neat epoxy (reference),18,0.4,2.0,8.589910910677434,4.084,17.05,4,1.14175,3.4252499999999997,3.4252499999999998e-12,published_experimental_result,volume_per_energy,measured_columns+derived_conditions,10.17632/sdz48p9j5m.1,https://data.mendeley.com/datasets/sdz48p9j5m/1,worksheet 'CF+Epoxy',xlsx_parse_via_openpyxl,2026-09-13,CC BY 4.0,1 (10^6 µm³/J) = 1e-12 m³/J；效率是体积效率，不可反推局部深度,False,FLAG: cutting used a SEPARATE 24 µm optical system; must NOT be merged with the efficiency dataset.
D04-CF+Epoxy-19,D04,CF+Epoxy,CFRP + neat epoxy (reference),19,0.35000000000000003,1.75,7.516172046842755,2.226,10.64,4,1.6844999999999999,5.775428571428571,5.775428571428571e-12,published_experimental_result,volume_per_energy,measured_columns+derived_conditions,10.17632/sdz48p9j5m.1,https://data.mendeley.com/datasets/sdz48p9j5m/1,worksheet 'CF+Epoxy',xlsx_parse_via_openpyxl,2026-09-13,CC BY 4.0,1 (10^6 µm³/J) = 1e-12 m³/J；效率是体积效率，不可反推局部深度,False,FLAG: cutting used a SEPARATE 24 µm optical system; must NOT be merged with the efficiency dataset.
D04-CF+Epoxy-20,D04,CF+Epoxy,CFRP + neat epoxy (reference),20,0.30000000000000004,1.5000000000000002,6.4424331830080765,1.788,8.43,4,1.288,5.151999999999999,5.151999999999999e-12,published_experimental_result,volume_per_energy,measured_columns+derived_conditions,10.17632/sdz48p9j5m.1,https://data.mendeley.com/datasets/sdz48p9j5m/1,worksheet 'CF+Epoxy',xlsx_parse_via_openpyxl,2026-09-13,CC BY 4.0,1 (10^6 µm³/J) = 1e-12 m³/J；效率是体积效率，不可反推局部深度,False,FLAG: cutting used a SEPARATE 24 µm optical system; must NOT be merged with the efficiency dataset.
D04-CF+Epoxy-21,D04,CF+Epoxy,CFRP + neat epoxy (reference),21,0.25,1.25,5.368694319173396,2.942,12.69,4,0.7690000000000001,3.6912,3.6911999999999995e-12,published_experimental_result,volume_per_energy,measured_columns+derived_conditions,10.17632/sdz48p9j5m.1,https://data.mendeley.com/datasets/sdz48p9j5m/1,worksheet 'CF+Epoxy',xlsx_parse_via_openpyxl,2026-09-13,CC BY 4.0,1 (10^6 µm³/J) = 1e-12 m³/J；效率是体积效率，不可反推局部深度,False,FLAG: cutting used a SEPARATE 24 µm optical system; must NOT be merged with the efficiency dataset.
D04-CF+Epoxy-22,D04,CF+Epoxy,CFRP + neat epoxy (reference),22,0.2,1.0,4.294955455338717,2.024,9.2,4,0.83025,4.9815,4.981499999999999e-12,published_experimental_result,volume_per_energy,measured_columns+derived_conditions,10.17632/sdz48p9j5m.1,https://data.mendeley.com/datasets/sdz48p9j5m/1,worksheet 'CF+Epoxy',xlsx_parse_via_openpyxl,2026-09-13,CC BY 4.0,1 (10^6 µm³/J) = 1e-12 m³/J；效率是体积效率，不可反推局部深度,False,FLAG: cutting used a SEPARATE 24 µm optical system; must NOT be merged with the efficiency dataset.
D04-CF+Epoxy-23,D04,CF+Epoxy,CFRP + neat epoxy (reference),23,0.15000000000000002,0.7500000000000001,3.2212165915040383,3.08,13.99,4,0.194,1.5519999999999996,1.5519999999999996e-12,published_experimental_result,volume_per_energy,measured_columns+derived_conditions,10.17632/sdz48p9j5m.1,https://data.mendeley.com/datasets/sdz48p9j5m/1,worksheet 'CF+Epoxy',xlsx_parse_via_openpyxl,2026-09-13,CC BY 4.0,1 (10^6 µm³/J) = 1e-12 m³/J；效率是体积效率，不可反推局部深度,False,FLAG: cutting used a SEPARATE 24 µm optical system; must NOT be merged with the efficiency dataset.
D04-CF+Epoxy-24,D04,CF+Epoxy,CFRP + neat epoxy (reference),24,0.1,0.5,2.1474777276693584,3.825,15.84,4,0.0805,0.966,9.66e-13,published_experimental_result,volume_per_energy,measured_columns+derived_conditions,10.17632/sdz48p9j5m.1,https://data.mendeley.com/datasets/sdz48p9j5m/1,worksheet 'CF+Epoxy',xlsx_parse_via_openpyxl,2026-09-13,CC BY 4.0,1 (10^6 µm³/J) = 1e-12 m³/J；效率是体积效率，不可反推局部深度,False,FLAG: cutting used a SEPARATE 24 µm optical system; must NOT be merged with the efficiency dataset.
D04-Epoxy-2,D04,Epoxy,neat epoxy (reference),2,1.4000000000000001,7.0,30.06468818737102,5.723,23.42,4,5.84075,5.0063571428571425,5.006357142857142e-12,published_experimental_result,volume_per_energy,measured_columns+derived_conditions,10.17632/sdz48p9j5m.1,https://data.mendeley.com/datasets/sdz48p9j5m/1,worksheet 'Epoxy',xlsx_parse_via_openpyxl,2026-09-13,CC BY 4.0,1 (10^6 µm³/J) = 1e-12 m³/J；效率是体积效率，不可反推局部深度,False,FLAG: cutting used a SEPARATE 24 µm optical system; must NOT be merged with the efficiency dataset.
D04-Epoxy-3,D04,Epoxy,neat epoxy (reference),3,1.3,6.5,27.917210459701657,6.01,25.56,4,5.46225,5.042076923076922,5.042076923076922e-12,published_experimental_result,volume_per_energy,measured_columns+derived_conditions,10.17632/sdz48p9j5m.1,https://data.mendeley.com/datasets/sdz48p9j5m/1,worksheet 'Epoxy',xlsx_parse_via_openpyxl,2026-09-13,CC BY 4.0,1 (10^6 µm³/J) = 1e-12 m³/J；效率是体积效率，不可反推局部深度,False,FLAG: cutting used a SEPARATE 24 µm optical system; must NOT be merged with the efficiency dataset.
D04-Epoxy-4,D04,Epoxy,neat epoxy (reference),4,1.2000000000000002,6.000000000000001,25.769732732032306,6.39,27.58,4,4.997,4.996999999999999,4.996999999999999e-12,published_experimental_result,volume_per_energy,measured_columns+derived_conditions,10.17632/sdz48p9j5m.1,https://data.mendeley.com/datasets/sdz48p9j5m/1,worksheet 'Epoxy',xlsx_parse_via_openpyxl,2026-09-13,CC BY 4.0,1 (10^6 µm³/J) = 1e-12 m³/J；效率是体积效率，不可反推局部深度,False,FLAG: cutting used a SEPARATE 24 µm optical system; must NOT be merged with the efficiency dataset.
D04-Epoxy-5,D04,Epoxy,neat epoxy (reference),5,1.1,5.5,23.62225500436294,5.945,25.25,4,4.6965,5.123454545454545,5.123454545454545e-12,published_experimental_result,volume_per_energy,measured_columns+derived_conditions,10.17632/sdz48p9j5m.1,https://data.mendeley.com/datasets/sdz48p9j5m/1,worksheet 'Epoxy',xlsx_parse_via_openpyxl,2026-09-13,CC BY 4.0,1 (10^6 µm³/J) = 1e-12 m³/J；效率是体积效率，不可反推局部深度,False,FLAG: cutting used a SEPARATE 24 µm optical system; must NOT be merged with the efficiency dataset.
D04-Epoxy-6,D04,Epoxy,neat epoxy (reference),6,1.0,5.0,21.474777276693583,5.672,23.54,4,4.32375,5.1884999999999994,5.1884999999999996e-12,published_experimental_result,volume_per_energy,measured_columns+derived_conditions,10.17632/sdz48p9j5m.1,https://data.mendeley.com/datasets/sdz48p9j5m/1,worksheet 'Epoxy',xlsx_parse_via_openpyxl,2026-09-13,CC BY 4.0,1 (10^6 µm³/J) = 1e-12 m³/J；效率是体积效率，不可反推局部深度,False,FLAG: cutting used a SEPARATE 24 µm optical system; must NOT be merged with the efficiency dataset.
D04-Epoxy-7,D04,Epoxy,neat epoxy (reference),7,0.9500000000000001,4.75,20.401038412858902,5.389,22.19,4,4.1665,5.262947368421052,5.262947368421052e-12,published_experimental_result,volume_per_energy,measured_columns+derived_conditions,10.17632/sdz48p9j5m.1,https://data.mendeley.com/datasets/sdz48p9j5m/1,worksheet 'Epoxy',xlsx_parse_via_openpyxl,2026-09-13,CC BY 4.0,1 (10^6 µm³/J) = 1e-12 m³/J；效率是体积效率，不可反推局部深度,False,FLAG: cutting used a SEPARATE 24 µm optical system; must NOT be merged with the efficiency dataset.
D04-Epoxy-8,D04,Epoxy,neat epoxy (reference),8,0.9,4.5,19.327299549024225,4.843,19.96,4,3.9269999999999996,5.235999999999999,5.235999999999999e-12,published_experimental_result,volume_per_energy,measured_columns+derived_conditions,10.17632/sdz48p9j5m.1,https://data.mendeley.com/datasets/sdz48p9j5m/1,worksheet 'Epoxy',xlsx_parse_via_openpyxl,2026-09-13,CC BY 4.0,1 (10^6 µm³/J) = 1e-12 m³/J；效率是体积效率，不可反推局部深度,False,FLAG: cutting used a SEPARATE 24 µm optical system; must NOT be merged with the efficiency dataset.
D04-Epoxy-9,D04,Epoxy,neat epoxy (reference),9,0.8500000000000001,4.25,18.253560685189548,4.612,18.71,4,3.73775,5.2768235294117645,5.276823529411765e-12,published_experimental_result,volume_per_energy,measured_columns+derived_conditions,10.17632/sdz48p9j5m.1,https://data.mendeley.com/datasets/sdz48p9j5m/1,worksheet 'Epoxy',xlsx_parse_via_openpyxl,2026-09-13,CC BY 4.0,1 (10^6 µm³/J) = 1e-12 m³/J；效率是体积效率，不可反推局部深度,False,FLAG: cutting used a SEPARATE 24 µm optical system; must NOT be merged with the efficiency dataset.
D04-Epoxy-10,D04,Epoxy,neat epoxy (reference),10,0.8,4.0,17.179821821354867,4.81,20.48,4,3.4305000000000003,5.14575,5.1457499999999996e-12,published_experimental_result,volume_per_energy,measured_columns+derived_conditions,10.17632/sdz48p9j5m.1,https://data.mendeley.com/datasets/sdz48p9j5m/1,worksheet 'Epoxy',xlsx_parse_via_openpyxl,2026-09-13,CC BY 4.0,1 (10^6 µm³/J) = 1e-12 m³/J；效率是体积效率，不可反推局部深度,False,FLAG: cutting used a SEPARATE 24 µm optical system; must NOT be merged with the efficiency dataset.
D04-Epoxy-11,D04,Epoxy,neat epoxy (reference),11,0.75,3.75,16.106082957520186,5.12,21.54,4,3.13875,5.021999999999999,5.021999999999999e-12,published_experimental_result,volume_per_energy,measured_columns+derived_conditions,10.17632/sdz48p9j5m.1,https://data.mendeley.com/datasets/sdz48p9j5m/1,worksheet 'Epoxy',xlsx_parse_via_openpyxl,2026-09-13,CC BY 4.0,1 (10^6 µm³/J) = 1e-12 m³/J；效率是体积效率，不可反推局部深度,False,FLAG: cutting used a SEPARATE 24 µm optical system; must NOT be merged with the efficiency dataset.
D04-Epoxy-12,D04,Epoxy,neat epoxy (reference),12,0.7000000000000001,3.5,15.03234409368551,5.446,23.26,4,3.0165,5.171142857142857,5.171142857142857e-12,published_experimental_result,volume_per_energy,measured_columns+derived_conditions,10.17632/sdz48p9j5m.1,https://data.mendeley.com/datasets/sdz48p9j5m/1,worksheet 'Epoxy',xlsx_parse_via_openpyxl,2026-09-13,CC BY 4.0,1 (10^6 µm³/J) = 1e-12 m³/J；效率是体积效率，不可反推局部深度,False,FLAG: cutting used a SEPARATE 24 µm optical system; must NOT be merged with the efficiency dataset.
D04-Epoxy-13,D04,Epoxy,neat epoxy (reference),13,0.65,3.25,13.958605229850829,5.102,21.33,4,2.93775,5.4235384615384605,5.423538461538461e-12,published_experimental_result,volume_per_energy,measured_columns+derived_conditions,10.17632/sdz48p9j5m.1,https://data.mendeley.com/datasets/sdz48p9j5m/1,worksheet 'Epoxy',xlsx_parse_via_openpyxl,2026-09-13,CC BY 4.0,1 (10^6 µm³/J) = 1e-12 m³/J；效率是体积效率，不可反推局部深度,False,FLAG: cutting used a SEPARATE 24 µm optical system; must NOT be merged with the efficiency dataset.
D04-Epoxy-14,D04,Epoxy,neat epoxy (reference),14,0.6000000000000001,3.0000000000000004,12.884866366016153,4.96,19.98,4,2.657,5.313999999999999,5.313999999999999e-12,published_experimental_result,volume_per_energy,measured_columns+derived_conditions,10.17632/sdz48p9j5m.1,https://data.mendeley.com/datasets/sdz48p9j5m/1,worksheet 'Epoxy',xlsx_parse_via_openpyxl,2026-09-13,CC BY 4.0,1 (10^6 µm³/J) = 1e-12 m³/J；效率是体积效率，不可反推局部深度,False,FLAG: cutting used a SEPARATE 24 µm optical system; must NOT be merged with the efficiency dataset.
D04-Epoxy-15,D04,Epoxy,neat epoxy (reference),15,0.55,2.75,11.81112750218147,4.39,18.71,4,2.3687500000000004,5.168181818181819,5.168181818181819e-12,published_experimental_result,volume_per_energy,measured_columns+derived_conditions,10.17632/sdz48p9j5m.1,https://data.mendeley.com/datasets/sdz48p9j5m/1,worksheet 'Epoxy',xlsx_parse_via_openpyxl,2026-09-13,CC BY 4.0,1 (10^6 µm³/J) = 1e-12 m³/J；效率是体积效率，不可反推局部深度,False,FLAG: cutting used a SEPARATE 24 µm optical system; must NOT be merged with the efficiency dataset.
D04-Epoxy-16,D04,Epoxy,neat epoxy (reference),16,0.5,2.5,10.737388638346792,4.334,17.38,4,2.2445,5.386799999999999,5.386799999999999e-12,published_experimental_result,volume_per_energy,measured_columns+derived_conditions,10.17632/sdz48p9j5m.1,https://data.mendeley.com/datasets/sdz48p9j5m/1,worksheet 'Epoxy',xlsx_parse_via_openpyxl,2026-09-13,CC BY 4.0,1 (10^6 µm³/J) = 1e-12 m³/J；效率是体积效率，不可反推局部深度,False,FLAG: cutting used a SEPARATE 24 µm optical system; must NOT be merged with the efficiency dataset.
D04-Epoxy-17,D04,Epoxy,neat epoxy (reference),17,0.45,2.25,9.663649774512113,4.022,16.11,4,2.00075,5.335333333333333,5.335333333333333e-12,published_experimental_result,volume_per_energy,measured_columns+derived_conditions,10.17632/sdz48p9j5m.1,https://data.mendeley.com/datasets/sdz48p9j5m/1,worksheet 'Epoxy',xlsx_parse_via_openpyxl,2026-09-13,CC BY 4.0,1 (10^6 µm³/J) = 1e-12 m³/J；效率是体积效率，不可反推局部深度,False,FLAG: cutting used a SEPARATE 24 µm optical system; must NOT be merged with the efficiency dataset.
D04-Epoxy-18,D04,Epoxy,neat epoxy (reference),18,0.4,2.0,8.589910910677434,4.117,17.15,4,1.7762499999999999,5.328749999999999,5.328749999999999e-12,published_experimental_result,volume_per_energy,measured_columns+derived_conditions,10.17632/sdz48p9j5m.1,https://data.mendeley.com/datasets/sdz48p9j5m/1,worksheet 'Epoxy',xlsx_parse_via_openpyxl,2026-09-13,CC BY 4.0,1 (10^6 µm³/J) = 1e-12 m³/J；效率是体积效率，不可反推局部深度,False,FLAG: cutting used a SEPARATE 24 µm optical system; must NOT be merged with the efficiency dataset.
D04-Epoxy-19,D04,Epoxy,neat epoxy (reference),19,0.35000000000000003,1.75,7.516172046842755,4.469,18.44,4,1.4735,5.052,5.052e-12,published_experimental_result,volume_per_energy,measured_columns+derived_conditions,10.17632/sdz48p9j5m.1,https://data.mendeley.com/datasets/sdz48p9j5m/1,worksheet 'Epoxy',xlsx_parse_via_openpyxl,2026-09-13,CC BY 4.0,1 (10^6 µm³/J) = 1e-12 m³/J；效率是体积效率，不可反推局部深度,False,FLAG: cutting used a SEPARATE 24 µm optical system; must NOT be merged with the efficiency dataset.
D04-Epoxy-20,D04,Epoxy,neat epoxy (reference),20,0.30000000000000004,1.5000000000000002,6.4424331830080765,4.687,19.98,4,1.1985000000000001,4.794,4.793999999999999e-12,published_experimental_result,volume_per_energy,measured_columns+derived_conditions,10.17632/sdz48p9j5m.1,https://data.mendeley.com/datasets/sdz48p9j5m/1,worksheet 'Epoxy',xlsx_parse_via_openpyxl,2026-09-13,CC BY 4.0,1 (10^6 µm³/J) = 1e-12 m³/J；效率是体积效率，不可反推局部深度,False,FLAG: cutting used a SEPARATE 24 µm optical system; must NOT be merged with the efficiency dataset.
D04-Epoxy-21,D04,Epoxy,neat epoxy (reference),21,0.25,1.25,5.368694319173396,4.533,18.62,4,0.7725,3.7079999999999993,3.707999999999999e-12,published_experimental_result,volume_per_energy,measured_columns+derived_conditions,10.17632/sdz48p9j5m.1,https://data.mendeley.com/datasets/sdz48p9j5m/1,worksheet 'Epoxy',xlsx_parse_via_openpyxl,2026-09-13,CC BY 4.0,1 (10^6 µm³/J) = 1e-12 m³/J；效率是体积效率，不可反推局部深度,False,FLAG: cutting used a SEPARATE 24 µm optical system; must NOT be merged with the efficiency dataset.
D04-Epoxy-22,D04,Epoxy,neat epoxy (reference),22,0.2,1.0,4.294955455338717,4.238,17.37,4,0.41725,2.5035,2.5035e-12,published_experimental_result,volume_per_energy,measured_columns+derived_conditions,10.17632/sdz48p9j5m.1,https://data.mendeley.com/datasets/sdz48p9j5m/1,worksheet 'Epoxy',xlsx_parse_via_openpyxl,2026-09-13,CC BY 4.0,1 (10^6 µm³/J) = 1e-12 m³/J；效率是体积效率，不可反推局部深度,False,FLAG: cutting used a SEPARATE 24 µm optical system; must NOT be merged with the efficiency dataset.
D04-Epoxy-23,D04,Epoxy,neat epoxy (reference),23,0.15000000000000002,0.7500000000000001,3.2212165915040383,4.014,16.35,4,0.02225,0.17799999999999996,1.7799999999999995e-13,published_experimental_result,volume_per_energy,measured_columns+derived_conditions,10.17632/sdz48p9j5m.1,https://data.mendeley.com/datasets/sdz48p9j5m/1,worksheet 'Epoxy',xlsx_parse_via_openpyxl,2026-09-13,CC BY 4.0,1 (10^6 µm³/J) = 1e-12 m³/J；效率是体积效率，不可反推局部深度,False,FLAG: cutting used a SEPARATE 24 µm optical system; must NOT be merged with the efficiency dataset.
D04-Epoxy-24,D04,Epoxy,neat epoxy (reference),24,0.1,0.5,2.1474777276693584,3.881,15.68,4,0.0,0.0,0.0,published_experimental_result,volume_per_energy,measured_columns+derived_conditions,10.17632/sdz48p9j5m.1,https://data.mendeley.com/datasets/sdz48p9j5m/1,worksheet 'Epoxy',xlsx_parse_via_openpyxl,2026-09-13,CC BY 4.0,1 (10^6 µm³/J) = 1e-12 m³/J；效率是体积效率，不可反推局部深度,False,FLAG: cutting used a SEPARATE 24 µm optical system; must NOT be merged with the efficiency dataset.
